-- phpMyAdmin SQL Dump
-- version 5.2.1
-- https://www.phpmyadmin.net/
--
-- Host: 127.0.0.1
-- Generation Time: Aug 07, 2023 at 06:22 AM
-- Server version: 10.4.28-MariaDB
-- PHP Version: 8.2.4

SET SQL_MODE = "NO_AUTO_VALUE_ON_ZERO";
START TRANSACTION;
SET time_zone = "+00:00";


/*!40101 SET @OLD_CHARACTER_SET_CLIENT=@@CHARACTER_SET_CLIENT */;
/*!40101 SET @OLD_CHARACTER_SET_RESULTS=@@CHARACTER_SET_RESULTS */;
/*!40101 SET @OLD_COLLATION_CONNECTION=@@COLLATION_CONNECTION */;
/*!40101 SET NAMES utf8mb4 */;

--
-- Database: `dental`
--

-- --------------------------------------------------------

--
-- Table structure for table `tbl_about`
--

CREATE TABLE `tbl_about` (
  `about_id` int(12) NOT NULL,
  `page` varchar(32) NOT NULL,
  `content` text NOT NULL
) ENGINE=InnoDB DEFAULT CHARSET=utf8mb4 COLLATE=utf8mb4_general_ci;

--
-- Dumping data for table `tbl_about`
--

INSERT INTO `tbl_about` (`about_id`, `page`, `content`) VALUES
(1, 'About', '<b>Mission</b> <br><br>\r\n“To provide our patients with excellent dental care, using the latest technology and technology, creating a warm and welcoming environment that fosters long-term relationships with our patients”.\r\n<br><br>\r\n<b>Vision</b>\r\n<br><br>\r\n\"We at Dental CLinic will continually update ourselves regarding the best and most current materials and technology available in dentistry and infection control\".\r\n<br><br>\r\n<b>Goals</b>\r\n <br><br>\r\n-We provide comprehensive dental care from preventive, orthodontic, and cosmetic treatments to meet the needs of each patient. <br>\r\n-In order to provide our patients with the most advanced treatment, we are constantly incorporating the latest technology and technology in dentistry.<br>\r\n-We create a comfortable and welcoming environment where patients feel respected, informed and confident in their dental care.<br>\r\n-Build strong, long-term relationships with patients based on trust, communication and personal interest.\r\n-Actively work with communities through outreach and educational programs to promote the importance of oral health and dental hygiene.<br>\r\n-Providing high-quality dental care: The primary goal of any dental clinic is to provide excellent dental care to their patients. This includes preventative care, restorative treatments, and cosmetic services.'),
(2, 'Email', 'dentalclinic@gmail.com'),
(3, 'Facebook', 'https://www.facebook.com'),
(4, 'Contact', 'test'),
(5, 'Location', 'Sample'),
(6, 'Terms and Condition', '1. Customers with remaining balance can not book new appointment.<br>\r\n2. Service fee may change with further notice depending on the agreement of the dental clinic and customer.<br>\r\n3. New patients should pay 50% down payment for services with installment.<br>\r\n4. Regular patients can pay any amount depending on the agreement of the dental clinic and the customer.<br>\r\n5. Treatments with installment must be paid for each subsequent appointment of the customer. <br>\r\n\r\n');

-- --------------------------------------------------------

--
-- Table structure for table `tbl_appointments`
--

CREATE TABLE `tbl_appointments` (
  `id` int(11) NOT NULL,
  `user_id` int(12) NOT NULL,
  `request_date` date NOT NULL,
  `request_time` varchar(35) NOT NULL,
  `service_id` text NOT NULL,
  `cancel_reason` text NOT NULL,
  `cancel_date` varchar(35) NOT NULL,
  `approved` int(11) NOT NULL DEFAULT 0,
  `doctor_id` int(12) NOT NULL,
  `cancel_by` int(11) NOT NULL,
  `is_calendar` int(11) NOT NULL,
  `is_payment` int(11) NOT NULL,
  `is_new` int(11) NOT NULL,
  `is_admin` int(11) NOT NULL,
  `date_added` timestamp NULL DEFAULT current_timestamp() ON UPDATE current_timestamp()
) ENGINE=InnoDB DEFAULT CHARSET=latin1 COLLATE=latin1_swedish_ci;

--
-- Dumping data for table `tbl_appointments`
--

INSERT INTO `tbl_appointments` (`id`, `user_id`, `request_date`, `request_time`, `service_id`, `cancel_reason`, `cancel_date`, `approved`, `doctor_id`, `cancel_by`, `is_calendar`, `is_payment`, `is_new`, `is_admin`, `date_added`) VALUES
(1, 3207, '2023-07-05', '8:00 AM', '[\"2\"]', '', '', 2, 1, 0, 0, 0, 2, 1, '2023-07-17 22:11:01'),
(2, 3219, '2023-07-06', '9:00 AM', '[\"2\"]', '', '', 2, 4, 0, 0, 0, 2, 1, '2023-07-17 22:11:01'),
(3, 3220, '2023-07-06', '11:00 AM', '[\"2\"]', '', '', 2, 4, 0, 0, 0, 2, 1, '2023-07-17 22:11:01'),
(4, 3221, '2023-07-07', '1:00 PM', '[\"3\"]', '', '2023-07-06', 3, 3, 0, 0, 0, 2, 1, '2023-07-07 02:51:56'),
(5, 3221, '2023-07-07', '11:00 AM', '[\"2\"]', '', '', 2, 4, 0, 0, 0, 2, 1, '2023-07-17 22:11:01'),
(6, 3222, '2023-07-07', '10:00 AM', '[\"2\"]', '', '', 2, 4, 0, 0, 0, 2, 1, '2023-07-17 22:11:01'),
(7, 3223, '2023-07-06', '4:00 PM', '[\"2\"]', '', '', 2, 3, 0, 0, 0, 2, 1, '2023-07-17 22:11:01'),
(8, 3223, '2023-07-06', '5:00 PM', '[\"3\"]', '', '', 2, 3, 0, 0, 0, 2, 1, '2023-07-17 22:11:01'),
(9, 3223, '2023-07-06', '6:00 PM', 'null', '', '2023-07-06', 3, 4, 0, 0, 0, 2, 1, '2023-07-07 02:51:56'),
(10, 3223, '2023-07-06', '7:00 PM', '[\"3\"]', '', '', 2, 4, 0, 0, 0, 2, 1, '2023-07-17 22:11:01'),
(11, 3223, '2023-07-07', '9:00 AM', '[\"2\"]', '', '', 2, 3, 0, 0, 0, 2, 1, '2023-07-17 22:11:01'),
(12, 3224, '2023-07-08', '10:00 AM', '[\"2\"]', '', '', 2, 4, 0, 0, 0, 2, 1, '2023-07-17 22:11:01'),
(13, 3224, '2023-07-08', '1:00 PM', '[\"3\"]', '', '', 2, 4, 0, 0, 0, 2, 1, '2023-07-17 22:11:01'),
(14, 3222, '2023-07-08', '11:00 AM', '[\"2\"]', '', '', 2, 3, 0, 0, 0, 2, 1, '2023-07-17 22:11:01'),
(15, 3225, '2023-07-09', '9:00 AM', '[\"2\"]', '', '', 2, 7, 0, 0, 0, 2, 1, '2023-07-17 22:11:01'),
(16, 3224, '2023-07-09', '10:00 AM', '[\"2\"]', '', '', 2, 4, 0, 0, 0, 2, 1, '2023-07-17 22:11:01'),
(17, 3224, '2023-07-29', '2:00 PM', '[\"4\"]', 'dont have mana ', '2023-07-08', 4, 3, 0, 0, 0, 2, 1, '2023-08-07 03:40:10'),
(18, 3224, '2023-07-29', '9:00 AM', '[\"3\"]', 'no mana again', '2023-07-08', 4, 4, 0, 0, 0, 2, 1, '2023-08-07 03:40:10'),
(19, 3224, '2023-07-08', '8:00 AM', '[\"3\"]', '', '', 2, 4, 0, 0, 0, 2, 1, '2023-07-17 22:11:01'),
(20, 1, '2023-07-08', '9:00 AM', '[\"4\"]', '', '', 2, 4, 0, 0, 0, 2, 1, '2023-07-17 22:11:01'),
(21, 1, '2023-07-08', '2:00 PM', '[\"4\"]', '', '', 2, 4, 0, 0, 0, 2, 1, '2023-07-17 22:11:01'),
(22, 3226, '2023-07-08', '4:00 PM', '[\"4\"]', '', '2023-07-08', 3, 3, 0, 0, 0, 2, 1, '2023-07-08 23:30:04'),
(23, 3226, '2023-07-08', '5:00 PM', '[\"4\"]', '', '', 2, 8, 0, 0, 0, 2, 1, '2023-07-17 22:11:01'),
(24, 3226, '2023-07-08', '7:00 PM', '[\"2\"]', '', '', 2, 9, 0, 0, 0, 2, 1, '2023-07-17 22:11:01'),
(25, 3224, '2023-07-08', '3:00 PM', '[\"2\"]', '', '2023-07-08', 3, 9, 0, 0, 0, 2, 1, '2023-07-08 23:30:04'),
(26, 3224, '2023-07-09', '11:00 AM', '[\"4\"]', '', '2023-07-08', 3, 9, 0, 0, 0, 2, 1, '2023-07-08 23:30:04'),
(27, 3224, '2023-07-10', '8:00 AM', '[\"2\"]', '', '', 2, 8, 0, 0, 0, 2, 1, '2023-07-17 22:11:01'),
(28, 3227, '2023-07-09', '8:00 AM', '[\"3\"]', '', '', 2, 8, 0, 0, 0, 2, 1, '2023-07-17 22:11:01'),
(29, 3227, '2023-07-09', '1:00 PM', '[\"4\"]', '', '', 2, 8, 0, 0, 0, 2, 1, '2023-07-17 22:11:01'),
(30, 3227, '2023-07-09', '2:00 PM', 'null', '', '', 2, 8, 0, 0, 0, 2, 1, '2023-07-17 22:11:01'),
(31, 3227, '2023-07-09', '3:00 PM', '[\"2\"]', '', '', 2, 9, 0, 0, 0, 2, 1, '2023-07-17 22:11:01'),
(32, 3227, '2023-07-09', '4:00 PM', '[\"4\"]', '', '', 2, 8, 0, 0, 0, 2, 1, '2023-07-17 22:11:01'),
(33, 3206, '2023-07-10', '6:00 PM', '3', '', '', 2, 0, 0, 1, 0, 2, 1, '2023-07-17 22:11:01'),
(34, 3228, '2023-07-10', '9:00 AM', '[\"2\"]', '', '', 2, 8, 0, 0, 0, 2, 1, '2023-07-17 22:11:01'),
(35, 3228, '2023-07-11', '9:00 AM', '[\"2\"]', '', '', 2, 9, 0, 0, 0, 2, 1, '2023-07-17 22:11:01'),
(36, 3224, '2023-07-10', '10:00 AM', '[\"2\"]', '', '', 2, 8, 0, 0, 0, 2, 1, '2023-07-17 22:11:01'),
(37, 3229, '2023-07-13', '4:00 PM', '[\"2\"]', '', '2023-07-10', 3, 8, 0, 0, 0, 2, 1, '2023-07-10 12:42:46'),
(38, 3230, '2023-07-15', '3:00 PM', '[\"2\"]', '', '', 1, 8, 0, 0, 0, 2, 1, '2023-07-17 22:11:01'),
(39, 3231, '2023-07-11', '9:00 AM', '[\"3\"]', '', '2023-07-10', 3, 8, 0, 0, 0, 2, 1, '2023-07-10 12:49:18'),
(40, 3232, '2023-07-11', '9:00 AM', '[\"3\"]', '', '2023-07-10', 3, 8, 0, 0, 0, 2, 1, '2023-07-10 12:49:18'),
(41, 3232, '2023-07-11', '9:00 AM', '[\"3\"]', '', '2023-07-10', 3, 8, 0, 0, 0, 2, 1, '2023-07-10 12:49:18'),
(42, 3233, '2023-07-14', '8:00 AM', '[\"2\"]', '', '', 1, 9, 0, 0, 0, 2, 1, '2023-07-17 22:11:01'),
(43, 3234, '2023-07-14', '8:00 AM', 'null', 'bawal maoy ka', '2023-07-10', 4, 9, 0, 0, 0, 2, 1, '2023-08-07 03:40:10'),
(44, 3235, '2023-07-14', '8:00 AM', '[\"2\"]', '', '', 2, 9, 0, 0, 0, 2, 1, '2023-07-17 22:11:01'),
(45, 3234, '2023-07-14', '8:00 AM', '[\"2\"]', '', '', 2, 9, 0, 0, 0, 2, 1, '2023-07-17 22:11:01'),
(46, 3228, '2023-07-11', '9:00 AM', '[\"4\"]', '', '2023-07-10', 3, 8, 0, 0, 0, 2, 1, '2023-07-10 14:33:44'),
(47, 3237, '2023-09-14', '10:00 AM', '[\"3\"]', '', '2023-07-10', 3, 10, 0, 0, 0, 2, 1, '2023-07-10 14:33:44'),
(48, 3237, '2023-08-01', '2:00 PM', '[\"4\"]', '', '', 1, 8, 0, 0, 0, 2, 1, '2023-07-17 22:11:01'),
(49, 3237, '2023-08-01', '10:00 AM', '[\"4\"]', '', '', 1, 8, 0, 0, 0, 2, 1, '2023-07-17 22:11:01'),
(50, 3238, '2023-07-13', '2:00 PM', '[\"2\"]', '', '2023-07-10', 3, 10, 0, 0, 0, 2, 1, '2023-07-10 14:33:44'),
(51, 3239, '2023-08-02', '2:00 PM', '[\"3\"]', '', '', 1, 8, 0, 0, 0, 2, 1, '2023-07-17 22:11:01'),
(52, 3239, '2023-07-13', '3:00 PM', '[\"2\"]', '', '', 1, 8, 0, 0, 0, 2, 1, '2023-07-17 22:11:01'),
(53, 3240, '2023-07-14', '2:00 PM', '[\"4\"]', '', '2023-07-10', 3, 8, 0, 0, 0, 2, 1, '2023-07-10 14:33:44'),
(54, 3233, '2023-07-11', '8:00 AM', '[\"2\"]', '', '', 1, 9, 0, 0, 0, 2, 1, '2023-07-17 22:11:01'),
(55, 3233, '2023-07-10', '1:00 PM', '[\"2\"]', '', '', 2, 8, 0, 0, 0, 2, 1, '2023-07-17 22:11:01'),
(56, 3233, '2023-07-10', '11:00 AM', '[\"2\"]', '', '', 1, 8, 0, 0, 0, 2, 1, '2023-07-17 22:11:01'),
(57, 3233, '2023-07-10', '2:00 PM', '[\"2\"]', '', '', 1, 8, 0, 0, 0, 2, 1, '2023-07-17 22:11:01'),
(58, 3233, '2023-07-10', '3:00 PM', '[\"2\"]', '', '', 1, 8, 0, 0, 0, 2, 1, '2023-07-17 22:11:01'),
(59, 3233, '2023-07-10', '4:00 PM', 'null', '', '', 1, 8, 0, 0, 0, 2, 1, '2023-07-17 22:11:01'),
(60, 3233, '2023-07-10', '5:00 PM', '[\"2\"]', '', '', 1, 8, 0, 0, 0, 2, 1, '2023-07-17 22:11:01'),
(61, 3233, '2023-07-10', '7:00 PM', '[\"2\"]', '', '', 1, 8, 0, 0, 0, 2, 1, '2023-07-17 22:11:01'),
(62, 3228, '2023-07-11', '10:00 AM', '[\"3\"]', '', '', 1, 8, 0, 0, 0, 2, 1, '2023-07-17 22:11:01'),
(63, 3230, '2023-07-15', '9:00 AM', '[\"12\"]', 'due to personal emergency', '2023-07-28', 3, 11, 0, 0, 0, 2, 1, '2023-07-28 10:23:36'),
(64, 3230, '2023-07-15', '8:00 AM', '[\"2\"]', '', '', 0, 11, 0, 0, 0, 2, 1, '2023-08-07 03:40:10'),
(65, 3242, '2023-07-12', '10:00 AM', '[\"2\"]', '', '', 0, 8, 0, 0, 0, 2, 1, '2023-08-07 03:40:10'),
(66, 3244, '2023-07-12', '1:00 PM', '[\"3\"]', '', '', 0, 8, 0, 0, 0, 2, 1, '2023-08-07 03:40:10'),
(67, 3245, '2023-07-12', '4:00 PM', '[\"4\",\"9\"]', '', '', 0, 8, 0, 0, 0, 2, 1, '2023-08-07 03:40:10'),
(68, 3246, '2023-07-13', '1:00 PM', '[\"4\"]', '', '', 0, 9, 0, 0, 0, 2, 1, '2023-08-07 03:40:10'),
(69, 3242, '2023-07-15', '7:00 PM', '[\"4\"]', '', '', 0, 11, 0, 0, 0, 2, 1, '2023-08-07 03:40:10'),
(70, 3248, '2023-07-13', '8:00 AM', '[\"2\",\"4\"]', '', '', 0, 8, 0, 0, 0, 2, 1, '2023-08-07 03:40:10'),
(71, 3249, '2023-07-29', '3:00 PM', '[\"11\"]', '', '', 0, 8, 0, 0, 0, 2, 1, '2023-08-07 03:40:10'),
(72, 3250, '2023-07-11', '3:00 PM', '[\"12\"]', '', '', 0, 8, 0, 0, 0, 2, 1, '2023-08-07 03:40:10'),
(73, 3251, '2023-07-13', '10:00 AM', '[\"2\"]', '', '', 0, 11, 0, 0, 0, 2, 1, '2023-08-07 03:40:10'),
(74, 3252, '2023-07-14', '1:00 PM', '[\"4\"]', '', '', 0, 11, 0, 0, 0, 2, 1, '2023-08-07 03:40:10'),
(75, 3253, '2023-07-12', '9:00 AM', '[\"3\",\"4\"]', '', '', 0, 8, 0, 0, 0, 2, 1, '2023-08-07 03:40:10'),
(76, 3255, '2023-07-11', '11:00 AM', '[\"4\"]', '', '', 0, 11, 0, 0, 0, 2, 1, '2023-08-07 03:40:10'),
(77, 3256, '2023-07-14', '3:00 PM', '[\"2\"]', '', '', 0, 9, 0, 0, 0, 2, 1, '2023-08-07 03:40:10'),
(78, 3257, '2023-07-11', '7:00 PM', '[\"12\"]', '', '', 0, 11, 0, 0, 0, 2, 1, '2023-08-07 03:40:10'),
(79, 3258, '2023-07-31', '4:00 PM', '[\"2\"]', '', '', 0, 9, 0, 0, 0, 2, 1, '2023-08-07 03:40:10'),
(80, 3254, '2023-09-15', '4:00 PM', '[\"11\"]', 'di nasunod ', '2023-07-11', 3, 11, 0, 0, 0, 2, 1, '2023-07-11 07:53:15'),
(81, 3261, '2023-08-30', '11:00 AM', '[\"6\"]', '', '', 0, 8, 0, 0, 0, 2, 1, '2023-08-07 03:40:10'),
(82, 3262, '2023-07-14', '10:00 AM', '[\"10\"]', '', '', 0, 8, 0, 0, 0, 2, 1, '2023-08-07 03:40:10'),
(83, 3264, '2023-07-11', '1:00 PM', '[\"9\"]', '', '', 0, 9, 0, 0, 0, 2, 1, '2023-08-07 03:40:10'),
(84, 3263, '2023-07-12', '5:00 PM', '[\"4\",\"12\"]', '', '', 0, 9, 0, 0, 0, 2, 1, '2023-08-07 03:40:10'),
(85, 3265, '2023-07-14', '6:00 PM', '[\"4\"]', '', '', 0, 8, 0, 0, 0, 2, 1, '2023-08-07 03:40:10'),
(86, 3266, '2023-07-20', '5:00 PM', '[\"3\"]', '', '', 0, 11, 0, 0, 0, 2, 1, '2023-08-07 03:40:10'),
(87, 3268, '2023-07-16', '8:00 AM', '[\"3\"]', '', '', 0, 9, 0, 0, 0, 2, 1, '2023-08-07 03:40:10'),
(88, 3269, '2023-07-14', '7:00 PM', '[\"10\"]', '', '', 0, 11, 0, 0, 0, 2, 1, '2023-08-07 03:40:10'),
(89, 3270, '2023-07-24', '3:00 PM', '[\"6\"]', '', '', 0, 11, 0, 0, 0, 2, 1, '2023-08-07 03:40:10'),
(90, 3272, '2023-07-15', '4:00 PM', '[\"10\"]', '', '', 0, 9, 0, 0, 0, 2, 1, '2023-08-07 03:40:10'),
(91, 3274, '2023-07-13', '5:00 PM', '[\"12\"]', '', '', 0, 9, 0, 0, 0, 2, 1, '2023-08-07 03:40:10'),
(92, 3275, '2023-07-14', '4:00 PM', '[\"9\"]', '', '', 0, 11, 0, 0, 0, 2, 1, '2023-08-07 03:40:10'),
(93, 3276, '2023-07-26', '7:00 PM', '[\"9\"]', '', '', 0, 11, 0, 0, 0, 2, 1, '2023-08-07 03:40:10'),
(94, 3277, '2023-07-28', '10:00 AM', '[\"2\"]', '', '', 0, 8, 0, 0, 0, 2, 1, '2023-08-07 03:40:10'),
(95, 3278, '2023-07-27', '1:00 PM', '[\"4\",\"9\"]', '', '', 0, 9, 0, 0, 0, 2, 1, '2023-08-07 03:40:10'),
(96, 3279, '2023-07-14', '11:00 AM', '[\"6\"]', '', '', 0, 11, 0, 0, 0, 2, 1, '2023-08-07 03:40:10'),
(97, 3280, '2023-07-15', '10:00 AM', '[\"4\"]', '', '', 0, 9, 0, 0, 0, 2, 1, '2023-08-07 03:40:10'),
(98, 3281, '2023-07-15', '11:00 AM', '[\"9\"]', '', '', 0, 11, 0, 0, 0, 2, 1, '2023-08-07 03:40:10'),
(99, 3282, '2023-07-15', '1:00 PM', '[\"10\"]', '', '', 0, 9, 0, 0, 0, 2, 1, '2023-08-07 03:40:10'),
(100, 3283, '2023-07-15', '2:00 PM', '[\"10\"]', '', '', 0, 8, 0, 0, 0, 2, 1, '2023-08-07 03:40:10'),
(101, 3286, '2023-07-15', '5:00 PM', '[\"2\"]', '', '', 0, 11, 0, 0, 0, 2, 1, '2023-08-07 03:40:10'),
(102, 3287, '2023-07-15', '6:00 PM', '[\"2\"]', '', '', 0, 8, 0, 0, 0, 2, 1, '2023-08-07 03:40:10'),
(103, 3288, '2023-07-15', '7:00 PM', '[\"4\"]', '', '', 0, 9, 0, 0, 0, 2, 1, '2023-08-07 03:40:10'),
(104, 3289, '2023-07-16', '7:00 PM', '[\"2\"]', '', '', 0, 8, 0, 0, 0, 2, 1, '2023-08-07 03:40:10'),
(105, 3290, '2023-07-17', '10:00 AM', '[\"3\"]', '', '', 0, 9, 0, 0, 0, 2, 1, '2023-08-07 03:40:10'),
(106, 3291, '2023-07-25', '11:00 AM', '[\"2\"]', '', '', 0, 8, 0, 0, 0, 2, 1, '2023-08-07 03:40:10'),
(107, 3292, '2023-07-29', '10:00 AM', '[\"3\"]', '', '', 0, 9, 0, 0, 0, 2, 1, '2023-08-07 03:40:10'),
(108, 3293, '2023-07-17', '8:00 AM', '[\"4\"]', '', '', 0, 11, 0, 0, 0, 2, 1, '2023-08-07 03:40:10'),
(109, 3294, '2023-07-17', '4:00 PM', '[\"4\"]', '', '', 0, 8, 0, 0, 0, 2, 1, '2023-08-07 03:40:10'),
(110, 3295, '2023-07-16', '10:00 AM', '[\"9\"]', '', '', 0, 8, 0, 0, 0, 2, 1, '2023-08-07 03:40:10'),
(111, 3296, '2023-07-18', '5:00 PM', '[\"10\"]', '', '2023-07-12', 3, 9, 0, 0, 0, 2, 1, '2023-07-12 02:20:06'),
(112, 3297, '2023-07-18', '3:00 PM', '[\"3\"]', '', '', 0, 9, 0, 0, 0, 2, 1, '2023-08-07 03:40:10'),
(113, 3299, '2023-07-29', '2:00 PM', '[\"2\"]', '', '', 1, 11, 0, 0, 0, 2, 1, '2023-07-30 14:27:02'),
(114, 3300, '2023-08-03', '10:00 AM', '[\"3\"]', '', '', 0, 8, 0, 0, 0, 2, 1, '2023-08-07 03:40:10'),
(115, 3301, '2023-09-01', '10:00 AM', '[\"3\"]', '', '', 0, 9, 0, 0, 0, 2, 1, '2023-08-07 03:40:10'),
(116, 3302, '2023-08-04', '2:00 PM', '[\"2\"]', '', '', 0, 8, 0, 0, 0, 2, 1, '2023-08-07 03:40:10'),
(117, 3302, '2023-08-04', '2:00 PM', '[\"2\"]', '', '', 0, 8, 0, 0, 0, 2, 1, '2023-08-07 03:40:10'),
(118, 3303, '2023-08-24', '1:00 PM', '[\"2\"]', '', '', 0, 9, 0, 0, 0, 2, 1, '2023-08-07 03:40:10'),
(119, 3304, '2023-07-19', '2:00 PM', '[\"4\"]', '', '', 2, 8, 0, 0, 0, 2, 1, '2023-07-17 22:11:01'),
(120, 3229, '2023-07-29', '1:00 PM', '[\"4\"]', '', '', 1, 9, 0, 0, 0, 2, 1, '2023-07-17 22:11:01'),
(121, 3309, '2023-09-01', '8:00 AM', '[\"3\"]', '', '', 0, 8, 0, 0, 0, 2, 1, '2023-08-07 03:40:10'),
(122, 3310, '2023-09-10', '9:00 AM', '[\"4\"]', '', '', 0, 9, 0, 0, 0, 2, 1, '2023-08-07 03:40:10'),
(123, 3311, '2023-09-01', '9:00 AM', '[\"3\"]', '', '', 0, 8, 0, 0, 0, 2, 1, '2023-08-07 03:40:10'),
(124, 3312, '2023-09-11', '10:00 AM', '[\"4\"]', '', '', 0, 9, 0, 0, 0, 2, 1, '2023-08-07 03:40:10'),
(125, 3313, '2023-09-01', '11:00 AM', '[\"2\"]', '', '', 0, 9, 0, 0, 0, 2, 1, '2023-08-07 03:40:10'),
(126, 3314, '2023-08-01', '11:00 AM', '[\"4\"]', '', '', 0, 9, 0, 0, 0, 2, 1, '2023-08-07 03:40:10'),
(127, 3315, '2023-08-11', '1:00 PM', '[\"2\"]', '', '', 0, 8, 0, 0, 0, 2, 1, '2023-08-07 03:40:10'),
(128, 3316, '2023-08-01', '1:00 PM', '[\"6\"]', '', '', 0, 11, 0, 0, 0, 2, 1, '2023-08-07 03:40:10'),
(129, 3317, '2023-08-01', '3:00 PM', '[\"6\"]', '', '', 0, 8, 0, 0, 0, 2, 1, '2023-08-07 03:40:10'),
(130, 3318, '2023-08-01', '4:00 PM', '[\"6\"]', '', '', 0, 11, 0, 0, 0, 2, 1, '2023-08-07 03:40:10'),
(131, 3319, '2023-08-01', '5:00 PM', '[\"10\"]', '', '', 0, 11, 0, 0, 0, 2, 1, '2023-08-07 03:40:10'),
(132, 3320, '2023-08-01', '6:00 PM', '[\"4\"]', '', '', 0, 11, 0, 0, 0, 2, 1, '2023-08-07 03:40:10'),
(133, 3321, '2023-08-01', '7:00 PM', '[\"10\"]', '', '', 0, 11, 0, 0, 0, 2, 1, '2023-08-07 03:40:10'),
(134, 3322, '2023-07-14', '10:00 AM', '[\"2\"]', '', '', 1, 8, 0, 0, 0, 2, 1, '2023-07-17 22:11:01'),
(135, 3322, '2023-07-14', '9:00 AM', '[\"2\"]', '', '', 2, 11, 0, 0, 0, 2, 1, '2023-07-17 22:11:01'),
(136, 3323, '2023-07-12', '8:00 AM', '[\"10\"]', '', '', 0, 11, 0, 0, 0, 2, 1, '2023-08-07 03:40:10'),
(137, 3324, '2023-07-12', '11:00 AM', '[\"6\"]', '', '', 0, 9, 0, 0, 0, 2, 1, '2023-08-07 03:40:10'),
(138, 3325, '2023-07-12', '2:00 PM', '[\"12\"]', '', '', 0, 9, 0, 0, 0, 2, 1, '2023-08-07 03:40:10'),
(139, 3326, '2023-07-12', '3:00 PM', '[\"9\"]', '', '', 0, 8, 0, 0, 0, 2, 1, '2023-08-07 03:40:10'),
(140, 3327, '2023-07-12', '6:00 PM', '[\"2\"]', '', '', 0, 9, 0, 0, 0, 2, 1, '2023-08-07 03:40:10'),
(141, 3328, '2023-07-13', '9:00 AM', '[\"4\"]', '', '', 0, 8, 0, 0, 0, 2, 1, '2023-08-07 03:40:10'),
(142, 3329, '2023-07-13', '11:00 AM', '[\"9\"]', '', '', 0, 11, 0, 0, 0, 2, 1, '2023-08-07 03:40:10'),
(143, 3330, '2023-07-17', '9:00 AM', '[\"4\"]', '', '', 0, 8, 0, 0, 0, 2, 1, '2023-08-07 03:40:10'),
(144, 3331, '2023-07-16', '9:00 AM', '[\"3\"]', '', '', 0, 9, 0, 0, 0, 2, 1, '2023-08-07 03:40:10'),
(145, 3332, '2023-07-18', '11:00 AM', '[\"10\"]', '', '', 0, 11, 0, 0, 0, 2, 1, '2023-08-07 03:40:10'),
(146, 3333, '2023-07-16', '1:00 PM', '[\"4\"]', '', '', 0, 9, 0, 0, 0, 2, 1, '2023-08-07 03:40:10'),
(147, 3334, '2023-07-18', '9:00 AM', '[\"4\"]', '', '', 0, 9, 0, 0, 0, 2, 1, '2023-08-07 03:40:10'),
(148, 3335, '2023-07-18', '4:00 PM', '[\"2\"]', '', '', 0, 11, 0, 0, 0, 2, 1, '2023-08-07 03:40:10'),
(149, 3336, '2023-07-12', '7:00 PM', '[\"4\"]', '', '', 1, 11, 0, 0, 0, 2, 1, '2023-07-28 05:14:59'),
(150, 3337, '2023-07-17', '2:00 PM', '[\"4\"]', '', '', 0, 8, 0, 0, 0, 2, 1, '2023-08-07 03:40:10'),
(151, 3338, '2023-07-17', '3:00 PM', '[\"12\"]', '', '', 0, 9, 0, 0, 0, 2, 1, '2023-08-07 03:40:10'),
(152, 3339, '2023-07-20', '10:00 AM', '[\"2\"]', '', '', 0, 11, 0, 0, 0, 2, 1, '2023-08-07 03:40:10'),
(153, 3340, '2023-07-21', '10:00 AM', '[\"3\"]', '', '', 0, 11, 0, 0, 0, 2, 1, '2023-08-07 03:40:10'),
(154, 3341, '2023-07-19', '1:00 PM', '[\"4\"]', '', '', 0, 8, 0, 0, 0, 2, 1, '2023-08-07 03:40:10'),
(155, 3342, '2023-07-18', '10:00 AM', '[\"4\"]', '', '', 0, 11, 0, 0, 0, 2, 1, '2023-08-07 03:40:10'),
(156, 3343, '2023-08-01', '8:00 AM', '[\"4\"]', '', '', 0, 9, 0, 0, 0, 2, 1, '2023-08-07 03:40:10'),
(157, 3344, '2023-08-02', '8:00 AM', '[\"9\"]', '', '', 0, 9, 0, 0, 0, 2, 1, '2023-08-07 03:40:10'),
(158, 3345, '2023-08-02', '10:00 AM', '[\"3\"]', '', '', 0, 9, 0, 0, 0, 2, 1, '2023-08-07 03:40:10'),
(159, 3346, '2023-08-02', '11:00 AM', '[\"9\"]', '', '', 0, 9, 0, 0, 0, 2, 1, '2023-08-07 03:40:10'),
(160, 3347, '2023-08-02', '1:00 PM', '[\"9\"]', '', '', 0, 9, 0, 0, 0, 2, 1, '2023-08-07 03:40:10'),
(161, 3348, '2023-08-02', '3:00 PM', '[\"10\"]', '', '', 0, 9, 0, 0, 0, 2, 1, '2023-08-07 03:40:10'),
(162, 3348, '2023-08-02', '3:00 PM', '[\"10\"]', '', '', 0, 9, 0, 0, 0, 2, 1, '2023-08-07 03:40:10'),
(163, 3349, '2023-07-13', '6:00 PM', '[\"6\"]', '', '', 0, 9, 0, 0, 0, 2, 1, '2023-08-07 03:40:10'),
(164, 3228, '2023-08-01', '6:00 PM', '[\"4\"]', 'bz\r\n', '2023-07-18', 3, 9, 0, 0, 0, 2, 1, '2023-07-18 01:20:52'),
(165, 3228, '2023-07-22', '5:00 PM', '[\"3\"]', '', '', 1, 9, 0, 0, 0, 2, 1, '2023-07-18 01:22:09'),
(166, 3228, '2023-07-20', '5:00 PM', '[\"4\"]', '', '', 1, 8, 0, 0, 0, 2, 1, '2023-07-18 04:17:00'),
(167, 3214, '2023-07-19', '9:00 AM', '[\"6\"]', '', '', 2, 11, 0, 0, 0, 2, 1, '2023-07-18 21:33:44'),
(168, 3228, '2023-07-19', '8:00 AM', '[\"2\"]', '', '', 1, 8, 0, 0, 0, 2, 1, '2023-07-19 01:02:59'),
(169, 3218, '2023-08-05', '6:00 PM', '[\"2\",\"6\",\"11\",\"12\"]', '', '', 1, 8, 0, 0, 0, 2, 1, '2023-07-24 07:44:26'),
(170, 3218, '2023-07-26', '6:00 PM', '[\"2\",\"4\"]', '', '', 1, 11, 0, 0, 0, 2, 1, '2023-07-28 05:14:59'),
(171, 3229, '2023-07-28', '6:00 PM', '[\"2\"]', '', '', 0, 9, 0, 0, 0, 2, 1, '2023-08-07 03:40:10'),
(172, 3214, '2023-07-28', '1:00 PM', '[\"3\"]', 'not available due to personal reason', '2023-07-28', 3, 11, 0, 0, 0, 2, 1, '2023-07-28 05:14:59'),
(173, 3228, '2023-07-29', '8:00 AM', '[\"2\"]', 'Test', '2023-08-01', 4, 8, 0, 0, 0, 2, 1, '2023-08-07 03:40:10'),
(174, 3214, '2023-07-28', '4:00 PM', '[\"9\"]', 'Not available dentist', '2023-07-31', 4, 8, 0, 0, 0, 2, 1, '2023-08-07 03:40:10'),
(175, 3214, '2023-07-30', '2:00 PM', '[\"3\"]', '', '', 0, 8, 0, 0, 0, 2, 1, '2023-08-07 03:40:10'),
(176, 3231, '2023-07-30', '6:00 PM', '[\"4\"]', '', '', 1, 8, 0, 0, 0, 2, 1, '2023-07-28 10:23:36'),
(177, 3360, '2023-07-28', '8:00 AM', '[\"2\",\"3\"]', 'tapos na po', '2023-07-28', 3, 11, 0, 0, 0, 2, 1, '2023-07-28 10:23:36'),
(178, 3228, '2023-07-31', '8:00 AM', '[\"9\"]', 'not available ', '2023-07-30', 3, 8, 0, 0, 0, 2, 1, '2023-07-30 14:27:02'),
(179, 3228, '2023-07-31', '9:00 AM', '[\"11\"]', '', '', 0, 8, 0, 0, 0, 2, 1, '2023-08-07 03:40:10'),
(180, 3228, '2023-07-31', '10:00 AM', '[\"9\"]', '', '', 0, 8, 0, 0, 0, 2, 1, '2023-08-07 03:40:10'),
(181, 3228, '2023-07-31', '11:00 AM', '[\"6\"]', 'not available ', '2023-07-30', 3, 8, 0, 0, 0, 2, 1, '2023-07-31 04:22:34'),
(182, 3205, '2023-07-31', '6:00 PM', '[\"2\"]', '', '', 0, 8, 0, 0, 0, 2, 1, '2023-08-07 03:40:10'),
(183, 3205, '2023-07-31', '6:00 PM', '[\"3\"]', '', '', 0, 9, 0, 0, 0, 2, 1, '2023-08-07 03:40:10'),
(184, 3231, '2023-07-31', '1:00 PM', '[\"3\"]', '', '', 1, 8, 0, 0, 0, 2, 1, '2023-07-31 04:22:34'),
(185, 3228, '2023-07-31', '1:00 PM', '[\"12\"]', '', '', 1, 9, 0, 0, 0, 2, 1, '2023-07-31 04:22:34'),
(186, 3232, '2023-07-31', '1:00 PM', '[\"11\"]', '', '', 1, 11, 0, 0, 0, 2, 1, '2023-07-31 04:22:34'),
(187, 3229, '2023-08-01', '8:00 AM', '[\"2\"]', '', '', 0, 8, 0, 0, 0, 2, 1, '2023-08-07 03:40:10'),
(188, 3355, '2023-08-01', '9:00 AM', '[\"3\"]', '', '', 0, 9, 0, 0, 0, 2, 1, '2023-08-07 03:40:10'),
(189, 3228, '2023-07-31', '2:00 PM', '[\"4\"]', '', '', 0, 8, 0, 0, 0, 2, 1, '2023-08-07 03:40:10'),
(190, 3232, '2023-07-31', '2:00 PM', '[\"6\"]', '', '', 0, 9, 0, 0, 0, 2, 1, '2023-08-07 03:40:10'),
(191, 3232, '2023-08-01', '8:00 AM', '[\"4\"]', '', '', 0, 11, 0, 0, 0, 2, 1, '2023-08-07 03:40:10'),
(192, 3229, '2023-08-03', '3:00 PM', '[\"2\"]', '', '', 0, 8, 0, 0, 0, 2, 1, '2023-08-07 03:40:10'),
(193, 3355, '2023-08-03', '3:00 PM', '[\"2\"]', '', '', 0, 9, 0, 0, 0, 2, 1, '2023-08-07 03:40:10'),
(194, 3355, '2023-08-02', '8:00 AM', '[\"2\"]', '', '', 0, 11, 0, 0, 0, 2, 1, '2023-08-07 03:40:10'),
(195, 3355, '2023-08-02', '9:00 AM', '[\"2\"]', '', '', 1, 8, 0, 0, 0, 2, 1, '2023-08-01 16:24:47'),
(196, 3355, '2023-08-02', '9:00 AM', '[\"3\"]', '', '', 0, 11, 0, 0, 0, 2, 1, '2023-08-07 03:40:10'),
(197, 3228, '2023-08-01', '9:00 AM', '[\"4\"]', '', '', 0, 8, 0, 0, 0, 2, 1, '2023-08-07 03:40:10'),
(198, 3228, '2023-08-01', '10:00 AM', '[\"4\"]', '', '', 0, 9, 0, 0, 0, 2, 1, '2023-08-07 03:40:10'),
(199, 3228, '2023-08-01', '10:00 AM', '[\"11\"]', '', '', 0, 11, 0, 0, 0, 2, 1, '2023-08-07 03:40:10'),
(200, 3214, '2023-08-01', '1:00 PM', '[\"2\"]', '', '', 2, 9, 0, 0, 0, 2, 1, '2023-07-31 12:07:38'),
(201, 3229, '2023-08-05', '10:00 AM', '[\"2\"]', '', '', 0, 8, 0, 0, 0, 2, 1, '2023-08-07 03:40:10'),
(202, 3229, '2023-08-05', '10:00 AM', '[\"4\"]', '', '', 1, 9, 0, 0, 0, 2, 1, '2023-07-31 22:13:42'),
(203, 3229, '2023-08-05', '10:00 AM', '[\"4\"]', '', '', 1, 11, 0, 0, 0, 2, 1, '2023-07-31 22:13:42'),
(204, 3355, '2023-08-05', '4:00 PM', '[\"9\"]', '', '', 0, 11, 0, 0, 0, 2, 1, '2023-08-07 03:40:10'),
(205, 3355, '2023-08-05', '4:00 PM', '[\"4\"]', '', '', 0, 8, 0, 0, 0, 2, 1, '2023-08-07 03:40:10'),
(206, 3355, '2023-08-05', '4:00 PM', '[\"6\"]', '', '', 0, 9, 0, 0, 0, 2, 1, '2023-08-07 03:40:10'),
(207, 3355, '2023-08-01', '9:00 AM', '[\"3\"]', '', '', 0, 11, 0, 0, 0, 2, 1, '2023-08-07 03:40:10'),
(208, 3355, '2023-08-01', '9:00 AM', '[\"3\"]', '', '', 0, 11, 0, 0, 0, 2, 1, '2023-08-07 03:40:10'),
(209, 3228, '2023-08-31', '8:00 AM', '[\"4\"]', '', '', 0, 8, 0, 0, 0, 2, 1, '2023-08-07 03:40:10'),
(210, 3228, '2023-08-31', '8:00 AM', '[\"6\"]', '', '', 0, 9, 0, 0, 0, 2, 1, '2023-08-07 03:40:10'),
(211, 3228, '2023-08-31', '8:00 AM', '[\"9\"]', '', '', 0, 11, 0, 0, 0, 2, 1, '2023-08-07 03:40:10'),
(212, 3228, '2023-08-31', '8:00 AM', '[\"9\"]', '', '', 0, 16, 0, 0, 0, 2, 1, '2023-08-07 03:40:10'),
(213, 3237, '2023-08-31', '6:00 PM', '[\"6\"]', '', '', 0, 8, 0, 0, 0, 2, 1, '2023-08-07 03:40:10'),
(214, 3214, '2023-08-01', '1:00 PM', '[\"4\"]', '', '', 1, 8, 0, 0, 0, 2, 1, '2023-08-01 16:24:47'),
(215, 3228, '2023-08-06', '8:00 AM', '[\"4\"]', '', '', 1, 8, 0, 0, 0, 2, 1, '2023-08-01 16:45:16'),
(216, 3228, '2023-08-06', '8:00 AM', '[\"9\"]', '', '', 0, 9, 0, 0, 0, 2, 1, '2023-08-07 03:40:10'),
(217, 3228, '2023-08-06', '8:00 AM', '[\"9\"]', '', '', 1, 8, 0, 0, 0, 2, 1, '2023-08-01 16:45:16'),
(218, 3228, '2023-08-07', '8:00 AM', '[\"9\"]', '', '', 1, 8, 0, 0, 0, 2, 1, '2023-08-01 16:45:16'),
(219, 3228, '2023-08-07', '8:00 AM', '[\"9\"]', '', '', 0, 9, 0, 0, 0, 2, 1, '2023-08-07 03:40:10'),
(220, 3361, '2023-08-08', '8:00 AM', '[\"9\"]', 'personal emergency ', '2023-08-01', 4, 8, 0, 0, 0, 2, 1, '2023-08-07 03:40:10'),
(221, 3361, '2023-08-08', '8:00 AM', '[\"9\"]', 'not available', '2023-08-01', 3, 8, 0, 0, 0, 2, 1, '2023-08-01 16:45:16'),
(222, 3362, '2023-08-09', '7:00 PM', '[\"2\"]', 'gaga', '2023-08-02', 4, 8, 0, 0, 0, 2, 1, '2023-08-07 03:40:10'),
(223, 3214, '2023-08-02', '9:00 AM', '[\"4\"]', '', '', 0, 9, 0, 0, 0, 2, 1, '2023-08-07 03:40:10'),
(224, 3361, '2023-08-08', '9:00 AM', '[\"9\"]', 'Dr. antonio is not available due to personal emergency', '2023-08-02', 3, 9, 0, 0, 0, 2, 1, '2023-08-02 04:58:30'),
(225, 3214, '2023-08-02', '2:00 PM', '[\"3\"]', '', '', 1, 9, 0, 0, 0, 2, 1, '2023-08-02 04:58:30'),
(226, 3361, '2023-08-08', '10:00 AM', '[\"6\"]', 'duplicate appointment', '2023-08-02', 4, 8, 0, 0, 0, 2, 1, '2023-08-07 03:40:10'),
(227, 3214, '2023-08-02', '2:00 PM', '[\"3\"]', '', '', 2, 9, 0, 0, 0, 2, 1, '2023-08-02 08:52:39'),
(228, 3361, '2023-08-08', '10:00 AM', '[\"9\"]', 'duplicate appointment', '2023-08-02', 4, 9, 0, 0, 0, 2, 1, '2023-08-07 03:40:10'),
(229, 3361, '2023-08-08', '10:00 AM', '[\"6\"]', '', '', 1, 11, 0, 0, 0, 2, 1, '2023-08-02 13:13:09'),
(230, 3214, '2023-08-03', '8:00 AM', '[\"2\"]', 'Not available dentist', '2023-08-02', 3, 8, 0, 0, 0, 2, 1, '2023-08-02 13:13:09'),
(231, 3214, '2023-08-03', '8:00 AM', '[\"2\"]', '', '', 1, 8, 0, 0, 0, 2, 1, '2023-08-02 13:13:09'),
(232, 3214, '2023-08-03', '8:00 AM', '[\"4\"]', '', '', 1, 11, 0, 0, 0, 2, 1, '2023-08-02 13:13:09'),
(233, 3361, '2023-08-03', '8:00 AM', '[\"9\"]', '', '', 1, 9, 0, 0, 0, 2, 1, '2023-08-02 13:13:09'),
(234, 3361, '2023-08-03', '8:00 AM', '[\"9\"]', '', '', 1, 9, 0, 0, 0, 2, 1, '2023-08-02 13:42:36'),
(235, 3205, '2023-08-17', '3:00 PM', '[\"2\"]', '', '', 1, 8, 0, 0, 0, 2, 1, '2023-08-02 23:00:51'),
(236, 3361, '2023-08-09', '8:00 AM', '[\"6\"]', 'duplicate appointment', '2023-08-02', 4, 8, 0, 0, 0, 2, 1, '2023-08-07 03:40:10'),
(237, 3361, '2023-08-09', '8:00 AM', '[\"9\"]', 'duplicate appointment', '2023-08-02', 4, 9, 0, 0, 0, 2, 1, '2023-08-07 03:40:10'),
(238, 3361, '2023-08-04', '8:00 AM', '[\"11\"]', 'change sched', '2023-08-07', 4, 8, 0, 0, 0, 2, 1, '2023-08-07 03:40:10'),
(239, 3361, '2023-08-05', '8:00 AM', '[\"11\"]', '', '', 1, 8, 0, 0, 0, 2, 1, '2023-08-02 23:00:51'),
(240, 3214, '2023-08-04', '1:00 PM', '[\"6\"]', '', '', 1, 11, 0, 0, 0, 2, 1, '2023-08-02 23:00:51'),
(241, 3214, '2023-08-04', '1:00 PM', '[\"9\"]', '', '', 1, 8, 0, 0, 0, 2, 1, '2023-08-02 23:00:51'),
(242, 3214, '2023-08-04', '1:00 PM', '[\"4\"]', 'not available dentist\r\n', '2023-08-02', 3, 11, 0, 0, 0, 2, 1, '2023-08-02 23:00:51'),
(243, 3214, '2023-08-04', '1:00 PM', '[\"4\"]', '', '', 1, 9, 0, 0, 0, 2, 1, '2023-08-02 23:00:51'),
(244, 3361, '2023-08-09', '8:00 AM', '[\"6\"]', '', '', 1, 8, 0, 0, 0, 2, 1, '2023-08-02 23:49:29'),
(245, 3214, '2023-08-05', '11:00 AM', '[\"3\"]', '', '', 1, 8, 0, 0, 0, 2, 1, '2023-08-02 23:49:29'),
(246, 3214, '2023-08-05', '11:00 AM', '[\"3\"]', '', '', 1, 9, 0, 0, 0, 2, 1, '2023-08-02 23:49:29'),
(247, 3214, '2023-08-05', '11:00 AM', '[\"3\"]', '', '', 1, 11, 0, 0, 0, 2, 1, '2023-08-02 23:49:29'),
(248, 3229, '2023-08-12', '9:00 AM', '[\"2\"]', '', '', 1, 8, 0, 0, 0, 2, 1, '2023-08-03 07:52:26'),
(249, 3229, '2023-08-12', '9:00 AM', '[\"3\"]', '', '', 1, 9, 0, 0, 0, 2, 1, '2023-08-03 07:52:26'),
(250, 3229, '2023-08-12', '9:00 AM', '[\"4\"]', '', '', 1, 11, 0, 0, 0, 2, 1, '2023-08-03 07:52:26'),
(251, 3229, '2023-08-10', '8:00 AM', '[\"6\"]', 'not available', '2023-08-03', 3, 8, 0, 0, 0, 2, 1, '2023-08-04 11:13:05'),
(252, 3214, '2023-08-05', '3:00 PM', '[\"6\"]', '', '', 1, 8, 0, 0, 0, 2, 1, '2023-08-04 11:16:14'),
(253, 3214, '2023-08-04', '10:00 AM', 'null', '', '2023-08-04', 3, 9, 0, 0, 0, 2, 1, '2023-08-04 16:57:25'),
(254, 3362, '2023-08-05', '5:00 PM', '[\"4\",\"11\"]', '', '', 1, 8, 0, 0, 0, 2, 1, '2023-08-04 16:57:25'),
(255, 3362, '2023-08-11', '4:00 PM', '[\"2\",\"6\",\"13\"]', '', '', 1, 9, 0, 0, 0, 2, 1, '2023-08-07 02:59:42'),
(256, 3362, '2023-08-10', '11:00 AM', '[\"2\",\"3\",\"4\",\"6\",\"9\",\"11\",\"12\",\"13\"]', '', '', 2, 8, 0, 0, 0, 2, 1, '2023-08-07 02:59:42'),
(257, 3218, '2023-08-08', '2:00 PM', '[\"2\"]', '', '', 1, 8, 0, 0, 0, 2, 1, '2023-08-07 02:59:42'),
(258, 3361, '2023-08-31', '1:00 PM', '[\"6\"]', 'Not available ', '2023-08-07', 3, 8, 0, 0, 0, 2, 1, '2023-08-07 02:59:42'),
(259, 3362, '2023-08-17', '2:00 PM', '[\"3\"]', '', '', 1, 8, 0, 0, 0, 2, 1, '2023-08-07 03:40:10'),
(260, 3205, '2023-08-08', '11:00 AM', '[\"2\"]', '', '', 1, 8, 0, 0, 0, 2, 1, '2023-08-07 03:40:10');

-- --------------------------------------------------------

--
-- Table structure for table `tbl_doctors`
--

CREATE TABLE `tbl_doctors` (
  `doctor_id` int(12) NOT NULL,
  `name` varchar(100) NOT NULL,
  `times` varchar(50) NOT NULL,
  `timee` varchar(50) NOT NULL,
  `photo` text NOT NULL,
  `details` text NOT NULL,
  `monday` int(11) NOT NULL,
  `tuesday` int(11) NOT NULL,
  `wednesday` int(11) NOT NULL,
  `thursday` int(11) NOT NULL,
  `friday` int(11) NOT NULL,
  `saturday` int(11) NOT NULL,
  `sunday` int(11) NOT NULL,
  `date_added` timestamp NOT NULL DEFAULT current_timestamp()
) ENGINE=InnoDB DEFAULT CHARSET=utf8mb4 COLLATE=utf8mb4_general_ci;

--
-- Dumping data for table `tbl_doctors`
--

INSERT INTO `tbl_doctors` (`doctor_id`, `name`, `times`, `timee`, `photo`, `details`, `monday`, `tuesday`, `wednesday`, `thursday`, `friday`, `saturday`, `sunday`, `date_added`) VALUES
(8, 'test 1', '8:00 AM', '7:00 PM', 'images.png', 'Born in the city of Cavite\r\nGraduated in UPHSD, A dedicated general dentist, She makes every effort to stay top of the current development in dentistry. The scope of her dental expertise encompasses all aspects of her field general dentistry.\r\n', 1, 0, 0, 0, 1, 0, 1, '2023-07-08 14:47:23'),
(9, 'test 3', '8:00 AM', '7:00 PM', 'images.png', 'Born in the city of Cavite\r\nGraduated in dentistry from UPHSD, A professional general dentist with a primary mission of examining, diagnosing, and treating diseases. He had performed preventive care and oral health care  for several patients for years.', 1, 0, 0, 0, 0, 0, 0, '2023-07-08 14:48:21'),
(11, 'test 2', '8:00 AM', '7:00 PM', 'images.png', 'Born in the city of Cavite, \r\nGraduated in the year of UPSHD\r\nWith years of experience working with children and adults to promote healthy dental habits.  In addition to general dentistry, he also offers orthodontics as well. \r\n', 0, 1, 1, 1, 0, 1, 0, '2023-07-10 15:28:41');

-- --------------------------------------------------------

--
-- Table structure for table `tbl_event`
--

CREATE TABLE `tbl_event` (
  `id` int(11) NOT NULL,
  `title` varchar(100) NOT NULL,
  `description` text NOT NULL,
  `is_promo` int(1) NOT NULL,
  `services` text NOT NULL,
  `discount` varchar(12) NOT NULL,
  `start` varchar(100) NOT NULL,
  `end` varchar(100) NOT NULL,
  `date_added` timestamp NOT NULL DEFAULT current_timestamp()
) ENGINE=InnoDB DEFAULT CHARSET=latin1 COLLATE=latin1_swedish_ci;

--
-- Dumping data for table `tbl_event`
--

INSERT INTO `tbl_event` (`id`, `title`, `description`, `is_promo`, `services`, `discount`, `start`, `end`, `date_added`) VALUES
(3, 'asZCX', 'czcx', 1, '[\"Dental Braces\"]', '10', '2023-08-21', '2023-08-25', '2023-08-07 03:34:16');

-- --------------------------------------------------------

--
-- Table structure for table `tbl_events`
--

CREATE TABLE `tbl_events` (
  `id` int(11) NOT NULL,
  `date` varchar(100) NOT NULL,
  `event` varchar(100) NOT NULL,
  `offer` varchar(250) NOT NULL
) ENGINE=InnoDB DEFAULT CHARSET=latin1 COLLATE=latin1_swedish_ci;

-- --------------------------------------------------------

--
-- Table structure for table `tbl_history`
--

CREATE TABLE `tbl_history` (
  `id` int(11) NOT NULL,
  `user_id` int(12) NOT NULL,
  `dcu` date NOT NULL,
  `findings` varchar(250) NOT NULL,
  `before_photo` text NOT NULL,
  `after_photo` text NOT NULL,
  `remarks` varchar(35) NOT NULL
) ENGINE=InnoDB DEFAULT CHARSET=latin1 COLLATE=latin1_swedish_ci;

--
-- Dumping data for table `tbl_history`
--

INSERT INTO `tbl_history` (`id`, `user_id`, `dcu`, `findings`, `before_photo`, `after_photo`, `remarks`) VALUES
(2, 3213, '2023-07-06', ' poor hygiene', 'dental-plegue.png', '06-10-06smile.jpg', 'Done'),
(4, 3360, '2023-07-28', 'abno', 'photo_2023-07-27_16-07-44.jpg', 'photo_2023-07-27_16-07-44.jpg', 'Done');

-- --------------------------------------------------------

--
-- Table structure for table `tbl_information`
--

CREATE TABLE `tbl_information` (
  `id` int(11) NOT NULL,
  `firstname` varchar(100) NOT NULL,
  `lastname` varchar(100) NOT NULL,
  `birthday` varchar(100) NOT NULL,
  `address` varchar(100) NOT NULL
) ENGINE=InnoDB DEFAULT CHARSET=latin1 COLLATE=latin1_swedish_ci;

--
-- Dumping data for table `tbl_information`
--

INSERT INTO `tbl_information` (`id`, `firstname`, `lastname`, `birthday`, `address`) VALUES
(1, 'Chester Joshper Maninang', 'Carasig ', 'November 9, 1996 ', '13 Mars Harmony Homes Barangay Maharlika San Pedro Laguna '),
(2, 'Red Joaquin ', 'Gerodias ', 'September 19,1998  ', 'City of San Pedro, Laguna'),
(3, 'Lorie Anne', 'Samson ', 'June 12, 2000', 'Kanto'),
(4, 'Marami', 'Ako', 'slkdfj', 'sdlkgjf'),
(5, 'dfhgdfgdf', 'gdfgsd', 'fsdfasd', 'asdasd'),
(6, 'dfghdfg', 'dfgdfg', 'dfgdfg', 'dfgdfgdfg'),
(7, 'ghjghjghk', 'hjkhjl', 'kjhhjk', 'hjkhjkhjk'),
(8, 'Chester Joshper', 'Carasig', 'November 9, 1996', '13 Mars Harmony Homes Barangay Maharlika San Pedro Laguna'),
(9, 'Lorie Anne', 'Bisbis', 'November 13, 2000', 'Laguna');

-- --------------------------------------------------------

--
-- Table structure for table `tbl_installment`
--

CREATE TABLE `tbl_installment` (
  `installmen_id` int(12) NOT NULL,
  `service_id` int(12) NOT NULL,
  `amount` varchar(35) NOT NULL
) ENGINE=InnoDB DEFAULT CHARSET=utf8mb4 COLLATE=utf8mb4_general_ci;

--
-- Dumping data for table `tbl_installment`
--

INSERT INTO `tbl_installment` (`installmen_id`, `service_id`, `amount`) VALUES
(2, 1, '1000'),
(3, 2, '1000'),
(4, 2, '1500'),
(5, 2, '2000'),
(6, 2, '500'),
(7, 2, '2500'),
(8, 2, '3000'),
(9, 11, '₱1,000');

-- --------------------------------------------------------

--
-- Table structure for table `tbl_offer`
--

CREATE TABLE `tbl_offer` (
  `id` int(11) NOT NULL,
  `service` varchar(250) NOT NULL,
  `price` varchar(35) NOT NULL,
  `description` text NOT NULL,
  `installment` text NOT NULL,
  `photo` text NOT NULL
) ENGINE=InnoDB DEFAULT CHARSET=latin1 COLLATE=latin1_swedish_ci;

--
-- Dumping data for table `tbl_offer`
--

INSERT INTO `tbl_offer` (`id`, `service`, `price`, `description`, `installment`, `photo`) VALUES
(2, 'Dental Braces', '20000', 'Braces are dental tools that help correct problems with your teeth, like crowding, crooked teeth, or teeth that are out of alignment. ', '', '6.png'),
(3, 'Dental X-ray', '800', 'Dental X-rays are images of your teeth that your dentist uses to evaluate your oral health.', '', '7.png'),
(4, 'Tooth Extraction', '700', 'A procedure to remove a tooth from the gum socket.', '', '8.png'),
(6, 'Dental Fixed Bridge', '23000', 'A bridge is a fixed dental restoration used to replace one or more missing teeth by joining an artificial tooth definitively to adjacent teeth or dental implants.', '', '4.png'),
(9, 'Laser Teeth Whitening ', '8000', 'Bleaching product is painted onto your teeth and then a light or laser is shone on them to activate the whitening.', '', '5.png'),
(11, 'Dental Veneers', '10000', 'A custom-made shells that fit over the front surfaces of your teeth.', '', '3.png'),
(12, 'Wisdom Tooth Removal ', '15000', 'This is called an extraction. Because most mouths are too small for 4 more teeth, wisdom teeth often need to be removed.', '', '2.png'),
(13, 'Dentures', '2000', 'A removable plate or frame holding one or more artificial teeth', '', '9.png');

-- --------------------------------------------------------

--
-- Table structure for table `tbl_payment`
--

CREATE TABLE `tbl_payment` (
  `id` int(11) NOT NULL,
  `user_id` int(12) NOT NULL,
  `service_id` text NOT NULL,
  `payment_date` date NOT NULL,
  `service_charge` varchar(35) NOT NULL,
  `pay_amount` varchar(35) NOT NULL,
  `balance` varchar(35) NOT NULL,
  `installment` varchar(12) NOT NULL,
  `is_installment` varchar(5) NOT NULL,
  `payment_status` text NOT NULL,
  `is_paid` int(1) NOT NULL,
  `admin_name` varchar(100) NOT NULL,
  `date_added` timestamp NOT NULL DEFAULT current_timestamp()
) ENGINE=InnoDB DEFAULT CHARSET=latin1 COLLATE=latin1_swedish_ci;

--
-- Dumping data for table `tbl_payment`
--

INSERT INTO `tbl_payment` (`id`, `user_id`, `service_id`, `payment_date`, `service_charge`, `pay_amount`, `balance`, `installment`, `is_installment`, `payment_status`, `is_paid`, `admin_name`, `date_added`) VALUES
(1, 3222, ' [\"2\"]', '2023-07-06', '20000', '15000', '3000', '2000', '1', 'Service Payment', 1, 'Administrator  1', '2023-07-06 07:12:23'),
(2, 3222, ' [\"2\"]', '2023-07-06', '3000', '3000', '0', '2000', '', 'Balance Payment', 0, 'Administrator  1', '2023-07-06 07:22:37'),
(3, 3223, ' [\"2\"]', '2023-07-06', '20000', '5000', '15000', '1000', '1', 'Service Payment', 1, 'Administrator  1', '2023-07-06 07:25:37'),
(4, 3223, ' [\"2\"]', '2023-07-06', '15000', '10000', '5000', '1000', '', 'Balance Payment', 1, 'Administrator  1', '2023-07-06 07:26:57'),
(5, 3223, ' [\"2\"]', '2023-07-06', '5000', '5000', '0', '1000', '', 'Balance Payment', 0, 'Administrator  1', '2023-07-06 07:27:29'),
(6, 3223, ' [\"3\"]', '2023-07-06', '800', '800', '0', '', '', 'Service Payment', 0, 'Administrator  1', '2023-07-06 07:29:46'),
(7, 3223, ' [\"2\"]', '2023-07-06', '20000', '10000', '8000', '500', '1', 'Service Payment', 1, 'Administrator  1', '2023-07-06 13:21:23'),
(8, 3223, ' [\"2\"]', '2023-07-06', '8000', '8000', '0', '500', '', 'Balance Payment', 0, 'Administrator  1', '2023-07-06 13:37:08'),
(9, 3223, ' [\"3\"]', '2023-07-06', '800', '800', '0', '', '', 'Service Payment', 0, 'Administrator  1', '2023-07-06 13:38:12'),
(10, 3224, ' [\"2\"]', '2023-07-06', '20000', '14000', '4000', '1000', '1', 'Service Payment', 1, 'Administrator  1', '2023-07-06 13:41:48'),
(11, 3224, ' [\"2\"]', '2023-07-06', '4000', '4000', '0', '1000', '', 'Balance Payment', 0, 'Administrator  1', '2023-07-06 13:42:18'),
(12, 3224, ' [\"3\"]', '2023-07-06', '800', '800', '0', '', '', 'Service Payment', 0, 'Administrator  1', '2023-07-06 13:54:47'),
(13, 3222, ' [\"2\"]', '2023-07-08', '20000', '6000', '12000', '1000', '1', 'Service Payment', 1, 'Administrator  1', '2023-07-08 01:16:24'),
(14, 3222, ' [\"2\"]', '2023-07-08', '12000', '12000', '0', '1000', '', 'Balance Payment', 0, 'Administrator  1', '2023-07-08 01:16:51'),
(15, 3224, ' [\"2\"]', '2023-07-08', '20000', '15000', '3000', '1000', '1', 'Service Payment', 1, 'Administrator  1', '2023-07-08 14:04:28'),
(16, 3224, ' [\"2\"]', '2023-07-08', '3000', '3000', '0', '1000', '', 'Balance Payment', 0, 'Administrator  1', '2023-07-08 14:04:42'),
(17, 3225, ' [\"2\"]', '2023-07-08', '20000', '11000', '9000', '1000', '1', 'Service Payment', 1, 'Administrator  1', '2023-07-08 14:34:01'),
(18, 3224, ' [\"3\"]', '2023-07-08', '800', '800', '0', '', '', 'Service Payment', 0, 'Administrator  1', '2023-07-08 14:34:07'),
(19, 3225, ' [\"2\"]', '2023-07-08', '9000', '9000', '0', '1000', '', 'Balance Payment', 0, 'Administrator  1', '2023-07-08 14:34:24'),
(20, 1, ' [\"4\"]', '2023-07-08', '700', '700', '0', '', '', 'Service Payment', 0, 'Administrator  1', '2023-07-08 23:24:34'),
(21, 1, ' [\"4\"]', '2023-07-08', '700', '700', '0', '', '', 'Service Payment', 0, 'Administrator  1', '2023-07-08 23:24:47'),
(22, 3226, ' [\"4\"]', '2023-07-08', '700', '800', '0', '', '', 'Service Payment', 0, 'Administrator  1', '2023-07-08 23:24:56'),
(23, 3226, ' [\"2\"]', '2023-07-08', '20000', '15000', '20000', '1000', '1', 'Service Payment', 1, 'Administrator  1', '2023-07-08 23:25:12'),
(24, 3224, ' [\"2\"]', '2023-07-08', '20000', '10000', '10000', '1000', '1', 'Service Payment', 1, 'Administrator  1', '2023-07-08 23:25:25'),
(25, 3227, ' [\"3\"]', '2023-07-08', '800', '800', '0', '', '', 'Service Payment', 0, 'Administrator  1', '2023-07-08 23:25:35'),
(26, 3227, ' [\"4\"]', '2023-07-08', '700', '700', '0', '', '', 'Service Payment', 0, 'Administrator  1', '2023-07-08 23:25:42'),
(27, 3227, ' null', '2023-07-08', '0', '0', '0', '', '', 'Service Payment', 0, 'Administrator  1', '2023-07-08 23:25:50'),
(28, 3224, ' [\"2\"]', '2023-07-09', '10000', '10000', '0', '1000', '', 'Balance Payment', 0, 'Administrator  1', '2023-07-08 23:26:11'),
(29, 3226, ' [\"2\"]', '2023-07-09', '20000', '15000', '5000', '1000', '', 'Balance Payment', 1, 'Administrator  1', '2023-07-08 23:27:14'),
(30, 3226, ' [\"2\"]', '2023-07-09', '5000', '5000', '0', '1000', '', 'Balance Payment', 0, 'Administrator  1', '2023-07-08 23:27:32'),
(31, 3227, ' [\"2\"]', '2023-07-08', '20000', '13500', '6500', '1000', '1', 'Service Payment', 1, 'Administrator  1', '2023-07-08 23:28:21'),
(32, 3227, ' [\"2\"]', '2023-07-09', '6500', '6000', '500', '1000', '', 'Balance Payment', 1, 'Administrator  1', '2023-07-08 23:28:37'),
(33, 3227, ' [\"2\"]', '2023-07-09', '500', '500', '0', '1000', '', 'Balance Payment', 0, 'Administrator  1', '2023-07-08 23:28:51'),
(34, 3227, ' [\"4\"]', '2023-07-09', '700', '700', '0', '', '', 'Service Payment', 0, 'Administrator  1', '2023-07-09 03:51:55'),
(35, 3206, ' 3', '2023-07-10', '800', '800', '0', '', '', 'Service Payment', 0, 'Administrator  1', '2023-07-10 09:40:27'),
(36, 3228, ' [\"2\"]', '2023-07-10', '20000', '10000', '10000', '1000', '1', 'Service Payment', 1, 'Administrator  1', '2023-07-10 10:03:52'),
(37, 3228, ' [\"2\"]', '2023-07-10', '10000', '5000', '5000', '1000', '', 'Balance Payment', 1, 'Administrator  1', '2023-07-10 10:04:11'),
(38, 3228, ' [\"2\"]', '2023-07-10', '5000', '5000', '0', '1000', '', 'Balance Payment', 0, 'Administrator  1', '2023-07-10 10:04:58'),
(39, 3224, ' [\"2\"]', '2023-07-10', '20000', '20000', '0', '', '', 'Service Payment', 0, 'Administrator  1', '2023-07-10 10:06:35'),
(40, 3228, ' [\"2\"]', '2023-07-10', '20000', '20000', '0', '', '', 'Service Payment', 0, 'Administrator  1', '2023-07-10 11:08:15'),
(41, 3234, ' [\"2\"]', '2023-07-10', '20000', '20000', '0', '', '', 'Service Payment', 0, 'kevin roy', '2023-07-10 15:33:44'),
(42, 3235, ' [\"2\"]', '2023-07-10', '20000', '20000', '0', '', '', 'Service Payment', 0, 'kevin roy', '2023-07-10 15:33:51'),
(43, 3233, ' [\"2\"]', '2023-07-10', '20000', '20000', '0', '', '', 'Service Payment', 0, 'kevin roy', '2023-07-10 15:33:57'),
(44, 3304, ' [\"4\"]', '2023-07-11', '700', '700', '0', '', '', 'Service Payment', 0, 'Administrator  1', '2023-07-11 07:42:21'),
(45, 3322, ' [\"2\"]', '2023-07-13', '20000', '5000', '13000', '1000', '1', 'Service Payment', 1, 'Administrator  1', '2023-07-13 12:04:35'),
(46, 3322, ' [\"2\"]', '2023-07-18', '13000', '12000', '1000', '1000', '', 'Balance Payment', 1, 'Administrator  1', '2023-07-18 01:23:56'),
(47, 3322, ' [\"2\"]', '2023-07-18', '1000', '1000', '0', '1000', '', 'Balance Payment', 0, 'Administrator  1', '2023-07-18 01:24:10'),
(48, 3214, ' [\"6\"]', '2023-07-18', '23000', '15000', '8000', '', '1', 'Service Payment', 1, 'Administrator  1', '2023-07-18 21:30:27'),
(49, 3214, ' [\"6\"]', '2023-07-19', '8000', '8000', '0', '', '', 'Balance Payment', 0, 'Administrator  1', '2023-07-18 21:30:46'),
(50, 3214, ' [\"2\"]', '2023-07-31', '20000', '20000', '0', '', '', 'Service Payment', 0, 'Administrator  1', '2023-07-31 12:05:42'),
(51, 3214, ' [\"3\"]', '2023-08-02', '800', '151065', '0', '', '', 'Service Payment', 0, 'Administrator  1', '2023-08-02 08:52:39'),
(52, 3362, ' [\"2\",\"3\",\"4\",\"6\",\"9\",\"11\",\"12\",\"13\"]', '2023-08-06', '79500', '10000000', '0', '', '', 'Service Payment', 0, 'Administrator  1', '2023-08-06 17:10:22');

-- --------------------------------------------------------

--
-- Table structure for table `tbl_promo`
--

CREATE TABLE `tbl_promo` (
  `promo_id` int(12) NOT NULL,
  `event_id` int(12) NOT NULL,
  `title` varchar(50) NOT NULL,
  `service_id` int(12) NOT NULL,
  `percentage` varchar(12) NOT NULL
) ENGINE=InnoDB DEFAULT CHARSET=utf8mb4 COLLATE=utf8mb4_general_ci;

--
-- Dumping data for table `tbl_promo`
--

INSERT INTO `tbl_promo` (`promo_id`, `event_id`, `title`, `service_id`, `percentage`) VALUES
(10, 3, 'asZCX', 0, '10');

-- --------------------------------------------------------

--
-- Table structure for table `tbl_signup`
--

CREATE TABLE `tbl_signup` (
  `id` int(11) NOT NULL,
  `firstname` varchar(100) NOT NULL,
  `lastname` varchar(100) NOT NULL,
  `sex` varchar(10) NOT NULL,
  `birthday` varchar(100) NOT NULL,
  `address` varchar(250) NOT NULL,
  `mobile` varchar(50) NOT NULL,
  `email` varchar(250) NOT NULL,
  `password` varchar(250) CHARACTER SET utf8mb4 COLLATE utf8mb4_general_ci NOT NULL,
  `pass` varchar(100) NOT NULL,
  `type` varchar(250) NOT NULL,
  `is_balance` int(1) NOT NULL,
  `is_confirm` int(11) NOT NULL,
  `date_registered` timestamp NOT NULL DEFAULT current_timestamp(),
  `is_code` varchar(100) NOT NULL
) ENGINE=InnoDB DEFAULT CHARSET=latin1 COLLATE=latin1_swedish_ci;

--
-- Dumping data for table `tbl_signup`
--

INSERT INTO `tbl_signup` (`id`, `firstname`, `lastname`, `sex`, `birthday`, `address`, `mobile`, `email`, `password`, `pass`, `type`, `is_balance`, `is_confirm`, `date_registered`, `is_code`) VALUES
(1, 'Administrator ', '1', '', '', 'Cavite City', '', 'admin@gmail.com', '21232f297a57a5a743894a0e4a801fc3', '', 'admin', 0, 1, '2022-11-19 04:49:14', ''),
(3205, 'kevs', 'Roluna', 'Male', '2023-06-07', 'Blk 20 Lot 23 Phase 4 PBK Brgy Pasong Kawayan II', '9357396286', 'kev@yahoo.com', '21232f297a57a5a743894a0e4a801fc3', '', 'patient', 0, 1, '2023-06-06 19:15:35', ''),
(3206, 'Mark', 'Santos', 'Male', '2000-05-10', 'Amaya', '09381394091', 'marksantos320@gmail.com', '8b295bd24b99420797a61cca91d70ba2', '', 'patient', 1, 1, '2023-06-21 13:47:45', ''),
(3207, 'Weirdo', 'Freak', 'Male', '2001-05-12', 'Punta', '09091373829', 'weirdofreak10@gmail.com', 'd54e431cdd48707b5515fd769ce299c8', '', 'patient', 1, 1, '2023-06-21 14:23:39', ''),
(3208, 'kevin', 'vidal', 'Male', '2000-04-29', 'blk 38', '0999', 'kevinvidal@gmail.com', '202cb962ac59075b964b07152d234b70', '', 'patient', 1, 1, '2023-06-21 22:14:27', ''),
(3209, 'je', 'Bordeos', 'Male', '2023-06-22', 'Blk 20 Lot 23 Phase 4 PBK Brgy Pasong Kawayan II', '9357396286', 'jeffrybordeos@gmail.com', '25f9e794323b453885f5181f1b624d0b', '', 'patient', 0, 1, '2023-06-22 10:34:39', ''),
(3210, 'sakto ', 'lang', 'Female', '2000-01-23', 'asd123', '12312312', 'saktolang@gmail.com', '202cb962ac59075b964b07152d234b70', '', 'patient', 0, 1, '2023-06-22 10:52:39', ''),
(3211, 'Paul', 'De guzman', 'Male', '2001-03-09', 'Blk 28 Lot 10 Kalliste Subdivision Brgy.Punta 1 Tanza, Cavite', '09182164538', 'p1425981@gmail.com', '0620ce0624de00c55f61e71b1a57d97e', '', 'patient', 0, 1, '2023-06-22 11:14:47', ''),
(3212, 'ITACHI', 'UCHIYA', 'Male', '2000-01-05', 'LIKOD BAHAY NYO', '09091176871', 'ITACHIXNARUTO@gmail.com', '6d856189f3fe73c2004dece397289fcd', '', 'patient', 0, 1, '2023-06-22 11:30:57', ''),
(3213, 'Martin', 'Oca', 'Male', '1999-10-09', 'Castillion Homes Pasong Kawayan II, Gen. Trias, Cavite', '09994340235', 'hataraku213@gmail.com', '69b63cb65f90792fa455d29c0a3be9bf', '', 'patient', 0, 1, '2023-06-22 11:51:47', ''),
(3214, 'kevin', 'vidal', 'Male', '2000-04-29', '12312', '1231231', 'kroy0229@gmail.com', '202cb962ac59075b964b07152d234b70', '', 'patient', 0, 1, '2023-06-22 14:58:11', 'tCR0g'),
(3215, 'Kang', 'Kong', 'Female', '2000-06-28', 'Blk nig', '09877', 'zxc@gmail.com', '202cb962ac59075b964b07152d234b70', '', 'patient', 1, 1, '2023-06-28 09:30:01', ''),
(3216, 'sad1', 'sad2', 'Male', '2003-08-23', 'dasdw12', '21312312', 'qwerty@gmail.com', '202cb962ac59075b964b07152d234b70', '', 'patient', 1, 1, '2023-07-05 05:10:50', ''),
(3217, 'qwer', 'ty', 'Female', '2000-12-12', '12312312', '090909', 'qwer@gmail.com', '202cb962ac59075b964b07152d234b70', '', 'patient', 1, 1, '2023-07-05 05:33:19', ''),
(3218, 'Iya', 'Rory', 'Female', '2000-07-05', 'Punta 1 Tanza Cavite', '09069119231', 'laiya@gmail.com', 'fc45f6b50c4f7ed08bba61017a05a5b8', '', 'patient', 0, 1, '2023-07-05 10:33:21', ''),
(3219, 'chicky', 'panget', 'Female', '2000-07-05', 'yeye6e7', '988', '123@gmail.com', '202cb962ac59075b964b07152d234b70', '', 'patient', 1, 1, '2023-07-05 11:25:34', ''),
(3220, 'first', 'last', 'Male', '2000-07-06', 'udue88sh', '0949382', 'qwe@gmail.com', '202cb962ac59075b964b07152d234b70', '', 'patient', 1, 1, '2023-07-05 21:22:48', ''),
(3221, 'sad3', 'sad5', 'Female', '2000-02-09', 'sad3213124', '091231212', 'sadsad@gmail.com', '202cb962ac59075b964b07152d234b70', '', 'patient', 1, 1, '2023-07-06 02:03:54', ''),
(3222, 'alaksan', 'fr', 'Male', '2000-07-06', 'jdieiwhsj', '093838', 'asds@gmail.com', '202cb962ac59075b964b07152d234b70', '', 'patient', 0, 1, '2023-07-06 07:10:48', ''),
(3223, 'mark1', 'santos1', 'Male', '2000-12-29', '12312eadsdas', '0923012312', 'mark123@gmail.com', '202cb962ac59075b964b07152d234b70', '', 'patient', 0, 1, '2023-07-06 07:24:37', ''),
(3224, 'poiuy', ';lkjh', 'Male', '2000-12-12', '12312321', '0896745645', 'poiuy@gmail.com', '202cb962ac59075b964b07152d234b70', '', 'patient', 0, 1, '2023-07-06 13:39:54', ''),
(3225, 'weirdo', 'freak', 'Male', '1990-07-02', 'amaya ', '09347592748', 'weirdofreak10@gmai.com', 'd54e431cdd48707b5515fd769ce299c8', '', 'patient', 0, 1, '2023-07-08 13:51:33', 'YAjK8'),
(3226, 'mnbvc', '12', 'Male', '2005-06-21', '123123', '9807967u56', 'mnbvc@gmail.com', '202cb962ac59075b964b07152d234b70', '', 'patient', 0, 1, '2023-07-08 14:37:44', ''),
(3227, 'kevin', 'vidal', 'Male', '2023-07-09', 'bagtas', '093128312', 'vidalkevin@gmail.com', '202cb962ac59075b964b07152d234b70', '', 'patient', 0, 1, '2023-07-08 15:31:23', ''),
(3228, 'test1', 'test', 'Female', '2000-06-12', 'Cruses', '09430284092', 'test1@gmail.com', '5a105e8b9d40e1329780d62ea2265d8a', '', 'patient', 0, 1, '2023-07-10 10:02:06', ''),
(3229, 'Lovely Jane ', 'Roxas', 'Female', '2004-06-05', 'Heartfoundation Punta 1 Tanza, Cavite', '09069119231', 'lovelyjane05.roxas@gmail.com', '2df10cfc098ac63ec0d2c17fc36df3de', '', 'patient', 0, 1, '2023-07-10 11:14:55', ''),
(3230, 'John Albert', 'Alamo', 'Male', '1993-09-26', 'General Trias', '09334702046', 'albertalamo@gmail.com', '81dc9bdb52d04dc20036dbd8313ed055', '', 'patient', 0, 1, '2023-07-10 11:59:21', ''),
(3231, 'Test2', 'test', 'Male', '1999-12-12', 'asd', '09493982893', 'test2@gmail.com', 'ad0234829205b9033196ba818f7a872b', '', 'patient', 0, 1, '2023-07-10 12:29:46', ''),
(3232, 'test3', 'test3', 'Male', '2001-05-31', 'asd', '09430384858', 'test3@gmail.com', '8ad8757baa8564dc136c1e07507f4a98', '', 'patient', 0, 1, '2023-07-10 12:35:32', ''),
(3233, 'a', 's', 'Female', '2006-07-10', '2312321', '76867876', 'a@gmail.com', '202cb962ac59075b964b07152d234b70', '', 'patient', 0, 1, '2023-07-10 12:35:58', ''),
(3234, 'b', 'c', 'Male', '1999-06-15', '21312312', '67865786', 'b@gmail.com', '202cb962ac59075b964b07152d234b70', '', 'patient', 0, 1, '2023-07-10 12:37:29', ''),
(3235, 'c', 'd', 'Female', '2004-06-15', '1231312', '5342342', 'c@gmail.com', '202cb962ac59075b964b07152d234b70', '', 'patient', 0, 1, '2023-07-10 12:40:35', ''),
(3236, 'd', 'd', 'Female', '2007-01-10', '2131232', '756456345', 'd@gmail.com', '202cb962ac59075b964b07152d234b70', '', 'patient', 0, 1, '2023-07-10 12:54:34', ''),
(3237, 'Alma', 'Badayos', 'Female', '1984-05-25', 'Punta 1 Tanza, Cavite', '09261864527', 'almagamale@gmail.com', '493f65ed96be45b9ed47743699ac6bf6', '', 'patient', 0, 1, '2023-07-10 13:01:49', ''),
(3238, 'Alex Jazz', 'Badayos ', 'Male', '2005-10-10', 'Punta 1 Tanza Cavite', '09360861175', 'alexjazzbadayos@gmail.com', '73255c8c08f6181b21585229fc8f8689', '', 'patient', 0, 1, '2023-07-10 13:09:45', ''),
(3239, 'Bernardo ', 'Gamale ', 'Male', '1982-08-20', 'Heartfoundation 1 Tanza Cavite', '0948710948', 'bernardo_gamale.20@gmail.com', 'f1bb0c1fdeb58d6613702636022dcfb1', '', 'patient', 0, 1, '2023-07-10 13:13:59', ''),
(3240, 'Domiciano', 'Badayos', 'Male', '1987-06-29', 'B 35 L 62 Heartfoundation 1 Tanza Cavite', '09362648830', 'domicianobadayos@gmail.com', '65db9e2f5062c4bf54575129cea5a027', '', 'patient', 0, 1, '2023-07-10 13:26:39', ''),
(3241, 'kevin', 'roy', '', '', 'cavite', '', 'kevin@gmail.com', '202cb962ac59075b964b07152d234b70', '', 'admin', 0, 1, '2023-07-10 14:24:34', ''),
(3242, 'Nizana', 'Lacson', 'Female', '2008-03-08', 'BLk 11 Lot 8 Heart Foundation Punta 1, Tanza Cavite', '09363614339', 'lacsonnizanamae@gmail.com', '827ccb0eea8a706c4c34a16891f84e7b', '', 'patient', 0, 1, '2023-07-10 22:26:59', ''),
(3243, 'Jeofer', 'Lacson', 'Female', '1977-11-18', 'Heartfoundation 1 Punta 1 Tanza Cavite ', '09353514340', 'villardelacson@gmail.com', '3476c6fa10a0bdcf56a78814ad13b0d7', '', 'patient', 0, 1, '2023-07-10 22:27:34', ''),
(3244, 'Jeofer', 'Lacson', 'Female', '1977-10-18', 'Heartfoundation 1 Tanza Cavite', '09353514340', 'villardelacson10@gmail.com', '713f94136f9032f6826e7e2cb3461151', '', 'patient', 0, 1, '2023-07-10 22:34:20', ''),
(3245, 'Nella ', 'Lacson', 'Female', '1979-07-20', 'Heartfoundation 1 Punta 1 Tanza Cavite', '09168350057', 'nellalacson7@gmail.com', 'd0c53f5920f37e133e52658fca01c38f', '', 'patient', 0, 1, '2023-07-10 22:38:11', ''),
(3246, 'Romeo', 'Gamale', 'Male', '1987-05-22', 'Heartfoundation 1 Punta 1', '09972910014', 'romeo.gamale@gmail.com', '9b850e45477b4df52f4c90ede4875020', '', 'patient', 0, 1, '2023-07-10 22:53:46', ''),
(3247, 'Liza', 'Gamale', 'Female', '1987-09-27', 'Heart Foundation Punta 1', '09638858901', 'Lizamadula@gmail.com', '827ccb0eea8a706c4c34a16891f84e7b', '', 'patient', 0, 1, '2023-07-10 22:55:09', ''),
(3248, 'Joel', 'Gamale', 'Male', '1990-06-25', 'Punta 1 Heatfoundation 1', '09356090439', 'joelgamale25@gmail.com', '862994799e1ae336d995855d0dbf5882', '', 'patient', 0, 1, '2023-07-10 23:00:22', ''),
(3249, 'Pamela', 'Pacomios', 'Female', '1997-10-03', 'Heart Foundation, Punta 1 Tanza Cavite ', '09079066345', 'Pamela@gmail.com', '827ccb0eea8a706c4c34a16891f84e7b', '', 'patient', 0, 1, '2023-07-10 23:01:35', ''),
(3250, 'Rachel', 'Salera', 'Female', '2000-04-12', 'Paradahan 1, Tanza, Cavite', '09109935867', 'rachelsalera@yahoo.com', '482c811da5d5b4bc6d497ffa98491e38', '', 'patient', 0, 1, '2023-07-11 00:25:12', ''),
(3251, 'Naomi', 'Delos Santos', 'Female', '2001-08-19', 'Punta 1, Tanza, Cavite', '09478834255', 'naomidelossantos@yahoo.com', '30d5d45afb103f30c7af1e87fe1a841b', '', 'patient', 0, 1, '2023-07-11 00:32:04', ''),
(3252, 'Richard', 'Dela Cruz', 'Male', '1999-09-04', 'Biga, Tanza, Cavite', '09462336080', 'richarddelacruz@yahoo.com', '107e1926211b50ded851918020e38536', '', 'patient', 0, 1, '2023-07-11 00:40:02', ''),
(3253, 'Annalyn', 'Martinez', 'Female', '2000-06-20', 'Paradahan 1, Tanza, Cavite', '09106805512', 'annalynmartinez@yahoo.com', 'd2bc2f8d09990ebe87c809684fd78c66', '', 'patient', 0, 1, '2023-07-11 00:43:00', ''),
(3254, 'Loid', 'Sori', 'Male', '2000-05-14', 'Balagbag, Kawit, Tanza Cavite', '093648265284', 'loidsmurfit@gmail.com', '244634a54c3627311cf0402349652036', '', 'patient', 0, 1, '2023-07-11 00:44:27', ''),
(3255, 'Rolyn', 'Vidal', 'Male', '2004-03-11', 'Bagtas Tanza Cavite', '09875651232', 'Rolyn@gmail.com', '202cb962ac59075b964b07152d234b70', '', 'patient', 0, 1, '2023-07-11 00:44:54', ''),
(3256, 'Carl Angelo', 'Salazar', 'Male', '2001-03-06', 'Punta 2, Tanza, Cavite', '09102446510', 'carlangelosalazar@yahoo.com', 'c13b61af02ed1596ac90af5a812e4b26', '', 'patient', 0, 1, '2023-07-11 00:47:34', ''),
(3257, 'Ryan Loid', 'Soria', '', '2000-05-20', 'Punta, Tanza', '09770865655', 'loidsoria20@gmail.com', '46e11ee9c5cf3923be19b47e428a503f', '', 'patient', 0, 1, '2023-07-11 00:51:27', ''),
(3258, 'Michael ', 'Partosa', 'Male', '1977-04-23', 'PUNTA 1 HEART FOUNDATION ', '09095816092', 'mimi.partosa@gmail.com', 'e4ae5a0d155ae14613e6cd907bf7040a', '', 'patient', 0, 1, '2023-07-11 00:53:41', ''),
(3259, 'Norie', 'Quinto', 'Female', '1969-01-06', 'Punta 1 Heart Foundation ', '09975022377', 'Norie@gmail.com', '4badaee57fed5610012a296273158f5f', '', 'patient', 0, 1, '2023-07-11 00:56:44', ''),
(3260, 'ryan', 'soria', 'Male', '1990-07-22', 'Paradahan, Tanza', '09462472625', 'ryanloidsoria@gmail.com', 'd8e3fac873773186f6267887c2348c2a', '', 'patient', 0, 1, '2023-07-11 00:58:08', ''),
(3261, 'Herminia', 'Gapasin', 'Female', '1965-10-11', 'Punta, Tanza, Cavite ', '09264638263', 'herminiasoria10@gmail.com', '7000c77a20c79f1f827651af5b6d7bc0', '', 'patient', 0, 1, '2023-07-11 01:04:45', ''),
(3262, 'Estrella ', 'Lagaspi', 'Female', '1971-08-25', 'Punta 1 Heartfoundation ', '09096754261', 'estrellalegaspi@gmail.com', 'af174dc6edb6de926e3cad3dd7f9f0e3', '', 'patient', 0, 1, '2023-07-11 01:06:52', ''),
(3263, 'harold', 'soria', 'Male', '1998-09-13', 'Punta, Tanza', '09364527462', 'haroldsoria83@gmail.com', '2fa04c8c6c4a91f3b7b473457936320e', '', 'patient', 0, 1, '2023-07-11 01:10:09', ''),
(3264, 'Nika ', 'Vidal', 'Female', '2023-07-11', 'Bagtas', '097126431', 'Nika@gmail.com', '202cb962ac59075b964b07152d234b70', '', 'patient', 0, 1, '2023-07-11 01:10:14', ''),
(3265, 'Elvie ', 'Jamito', 'Female', '1991-12-13', 'Santo Phase 1 Tanza Cavite', '09988567710', 'elvie.chavez@gmail.com', '8c6844f7cc0122340e0488010db12c2f', '', 'patient', 0, 1, '2023-07-11 01:12:39', ''),
(3266, 'Aljunhel', 'Cantal', 'Male', '2000-03-12', 'Bacoor', '09364827254', 'aljunhel.123@gmail.com', '38a3b2fa0ae430caac9ea90de2641cba', '', 'patient', 0, 1, '2023-07-11 01:14:28', ''),
(3267, 'Mea', 'Garza', 'Female', '1990-05-10', 'Santol Phase 2 ', '09978765441', 'meagarza.chavez@gmail.com', '3c7bba52a2a1b7acad01f45f2d624399', '', 'patient', 0, 1, '2023-07-11 01:17:26', ''),
(3268, 'Emmanuel ', 'Dela Cruz', 'Male', '1985-03-05', 'Kawit, Cavite', '09351746254', 'Emmanuel6@gmail.com', 'cff93ddbcc30aecb9cece1bfd0b69c9c', '', 'patient', 0, 1, '2023-07-11 01:20:08', ''),
(3269, 'Norie ', 'Quinto', 'Female', '1989-01-06', 'Punta 1 Tanza Cavite', '09975022377', 'norie01.quinto@gmail.com', '835d78df0abc47aa026016664fd86dda', '', 'patient', 0, 1, '2023-07-11 01:22:26', ''),
(3270, 'Miko', 'Javier ', 'Male', '2000-04-26', 'Tanza, Cavite ', '0936586972', 'Miko79@gmail.com', '9768d89eb7fdf6bc47a8895ca5321b86', '', 'patient', 0, 1, '2023-07-11 01:23:09', ''),
(3271, 'Makarios ', 'Cacpaas', 'Male', '2006-10-27', 'Brgy.Punta 1', '09696912501', 'makarioscacpaas27@gmail.com', 'a1339ace733a397062b61cf28dd3650f', '', 'patient', 0, 1, '2023-07-11 01:23:54', ''),
(3272, 'Joselito ', 'Gerongga', 'Male', '1993-02-17', 'Trece Martires, Cavite', '09143557784', 'girongga28@gmail.com', '1b8a50238fddeb489eb49b6ae6addc3a', '', 'patient', 0, 1, '2023-07-11 01:25:43', ''),
(3273, 'Aida Bing ', 'De Leon', 'Female', '1972-04-01', 'Punta 1 Heartfoundation', '0976446574331', 'aidabing@gmail.com', '2b3ff73c988468e31624a32889ba34c9', '', 'patient', 0, 1, '2023-07-11 01:27:30', ''),
(3274, 'Jude ', 'Sagario', 'Male', '2000-07-11', 'Paradahan, Cavite', '09365836154', 'Sagariobai1@gmail.com', '51486ba06c8541048d977fe4061cb80c', '', 'patient', 0, 1, '2023-07-11 01:28:18', ''),
(3275, 'Elsa', 'Espenilla', 'Female', '1979-04-12', 'Punta 1 Heartfoundation Tanza Cavite ', '09163615065', 'elsasuganob@gmail.com', 'c2a3b6d9b4c3a6cfbf11f579a6fc5f8b', '', 'patient', 0, 1, '2023-07-11 01:31:32', ''),
(3276, 'El Mando', 'Puerto', 'Male', '1962-07-17', 'Amaya, Tanza, Cavite ', '093658697857', 'elmando47@gmail.com', '7addc7158603826d922c5a30593ad9c4', '', 'patient', 0, 1, '2023-07-11 01:32:32', ''),
(3277, 'Paul', 'Deguzman', 'Male', '2001-03-09', 'Tanza, Cavite', '09123555785', 'paul.cacpaas@yahoo.com', '0a571f99e5667cb088dadcc9a2d1e161', '', 'patient', 0, 1, '2023-07-11 01:32:35', ''),
(3278, 'Jake', 'Abad', 'Male', '1995-10-21', 'Tanza, Cavite ', '09354647258', 'jakejake67@gmail.com', 'fee7ffa609d6b09f206151e65e957d9e', '', 'patient', 0, 1, '2023-07-11 01:34:39', ''),
(3279, 'Michael ', 'Suganob', 'Female', '1978-05-07', 'Punta 1 Haertfoundation', '09163615065', 'michaelken@gmail.com', '1ee24a9fe3cef5c569c50998232ae181', '', 'patient', 0, 1, '2023-07-11 01:36:26', ''),
(3280, 'Lorenzo ', 'Fernites', '', '1993-04-01', 'Bagtas Tanza Cavite', '09947702465', 'lorenzo_fernites@gmail.com', 'a779d3a9b7affa623cc9594d8fef0d96', '', 'patient', 0, 1, '2023-07-11 01:44:27', ''),
(3281, 'Marcel ', 'Fernites', 'Male', '1981-10-19', 'Bagtas Tanza Cavite', '09098667544', 'fernites.marcel@gmail.com', 'cef8d62415b2ac554e34a210f7dca5a2', '', 'patient', 0, 1, '2023-07-11 01:46:46', ''),
(3282, 'Leonor', 'San Buenaventura', 'Female', '1963-07-12', 'Punta Heartfoundation 1 Tanza Cavite', '09097688855', 'leonor_buenaventura@gmail.com', '0eb36bb0224ed54696b57e7da75380fd', '', 'patient', 0, 1, '2023-07-11 01:51:03', ''),
(3283, 'Charity', 'Mago', 'Female', '1966-10-15', 'Punta Heartfoundation', '09056754312', 'Chao.mago@gmail.com', '5c28d709a4d1052b2a54ff8784f34fbd', '', 'patient', 0, 1, '2023-07-11 01:53:02', ''),
(3284, 'Marlon ', 'San Buenaventura', 'Male', '1976-06-27', 'Punta 1 Heartfoundation 1', '09213644342', 'marlon.sanbuenaventura@gmail.com', 'ae7e3cbb74baa19627715b63ff88efa5', '', 'patient', 0, 1, '2023-07-11 01:56:02', ''),
(3285, 'Jiliana ', 'Caseres', 'Female', '1965-06-30', 'Punta 1 Heartfoundation 1 Tanza Cavite', '0919521844', 'jiliana_caseres@gmail.com', '3f47df22826220964a50b77808e1567d', '', 'patient', 0, 1, '2023-07-11 01:59:02', ''),
(3286, 'Emie Rose ', 'Marquez', 'Female', '1995-06-12', 'Punta 1 Heartfoundation 1 Tanza Cavite', '09050567786', 'emierosem.@gmail.com', 'd1dfae98ec33185472ed55ed30764857', '', 'patient', 0, 1, '2023-07-11 02:03:18', ''),
(3287, 'Joemar', 'Marquez', 'Male', '1989-05-29', 'Punta 1 Heartfoundation 1 Tanza Cavite', '09093148757', 'joemar_marquez@gmail.com', 'da26b828ba13feac2ad19016dd597e3d', '', 'patient', 0, 1, '2023-07-11 02:09:58', ''),
(3288, 'Raquel ', 'Santos', 'Female', '1989-01-28', 'Bagtas Tanza Cavite', '09095564421', 'rai.ladrillo@gmail.com', '12f083b867cdf3047b2ff514d845c1b4', '', 'patient', 0, 1, '2023-07-11 02:12:28', ''),
(3289, 'Richard ', 'Santos ', 'Male', '1990-12-10', 'Bagtas Tanza Cavite', '09124454324', 'chad_santos@gmail.com', '749db0aaf817610936d88a0e8b12a0da', '', 'patient', 0, 1, '2023-07-11 02:18:03', ''),
(3290, 'Justine Gail', 'Milado', 'Male', '2001-04-01', 'Punta 1 Heartfoundation 1', '09659907669', 'justgail_milado@gmail.com', 'a72f36fe24759cf12e37cfb3b523df07', '', 'patient', 0, 1, '2023-07-11 02:21:50', ''),
(3291, 'Vayra ', 'Buenavista', 'Female', '1997-11-15', 'Punta 1 Heartfoundation Tanza Cavite', '09363150681', 'vayra.badayos@gmail.com', '191341e3b9bc2784487b0215094629da', '', 'patient', 0, 1, '2023-07-11 02:24:16', ''),
(3292, 'Ryan ', 'Badayos', 'Male', '1998-10-18', 'Mulawin Tanza Cavite', '09095816877', 'ryanmaestre.badayos@gmail.com', '602865f36cfe86458c2bbf82d03bbaec', '', 'patient', 0, 1, '2023-07-11 02:28:06', ''),
(3293, 'Pearl', 'Bactol', 'Female', '1999-02-03', 'Bagtas Tanza Cavite', '093545667563', 'pearlita.bactol@gmail.com', 'e4e5e6cb434f80a1afee28db5f59cf7a', '', 'patient', 0, 1, '2023-07-11 02:30:16', ''),
(3294, 'Josie', 'Felismino', 'Female', '1979-05-29', 'Santol tanza Cavite', '09093567548', 'jose.ffelismino@gmail.com', '37da62b78a51f362dd330d825e7f4fbb', '', 'patient', 0, 1, '2023-07-11 02:35:26', ''),
(3295, 'Justine Gail', 'Milado', 'Female', '2001-04-01', '050 PUNTA I, TANZA, CAVITE', '09614016445', 'mjustinegail@gmail.com', 'e1a2fb4df6d93083dd030c87aae17ae5', '', 'patient', 0, 1, '2023-07-11 02:37:24', ''),
(3296, 'Renato ', 'Baldoza', 'Male', '1970-06-24', 'Punta Carissa Tanza Cavite', '09196713028', 'renato24_baldosa@gmail.com', '812025859a76004bc275caf22678b965', '', 'patient', 0, 1, '2023-07-11 02:39:11', ''),
(3297, 'Zyrel ', 'Abrenzosa', 'Female', '2000-12-16', 'Ciudad Verde Tanza Cavite', '0920831222', 'zy.yeyeah@gmail.com', '3f063871bd8347c0da3571e30ef31c9b', '', 'patient', 0, 1, '2023-07-11 02:41:54', ''),
(3298, 'Precious Mia', 'Lorina', 'Female', '2000-10-25', 'Sanja Mayor Tanza Cavite', '090578866133', 'preciousmia@gmail.com', 'c9ea6d9229a6afb8ebbaa18f1600e200', '', 'patient', 0, 1, '2023-07-11 03:20:35', ''),
(3299, 'Ken Jairus ', 'Milado', 'Male', '2002-10-31', 'Bagtas Tanza Cavite', '09096723442', 'ken.jairusmilado@gmail.com', 'd6172cee82aa0cd1e610aacab528f240', '', 'patient', 0, 1, '2023-07-11 03:23:59', ''),
(3300, 'Ismael ', 'Guyo', 'Male', '2004-08-01', 'Santol Tanza Cavite', '09504887842', 'ismae.gguyo@gmail.com', '178eb8f95977070e432befa02a65b235', '', 'patient', 0, 1, '2023-07-11 03:26:03', ''),
(3301, 'Marnele', 'Guyo', 'Female', '1979-12-12', 'Santol Tanza Cavite', '09208301169', 'marnele.gabuna@gmail.com', '461d1163ecdc6906e7bf8a5092ac0657', '', 'patient', 0, 1, '2023-07-11 03:31:25', ''),
(3302, 'Renato ', 'Abrenzosa ', 'Male', '1995-10-28', 'Ciudad Verde Tanza Cavite', '09094545776', 'renato.abrenzosa28@gmail.com', '812025859a76004bc275caf22678b965', '', 'patient', 0, 1, '2023-07-11 03:35:33', ''),
(3303, 'Laiza ', 'Ramirez', 'Female', '1994-03-06', 'Ciudad Verde Tanza Cavite', '09005816093', 'lailiza@gmail.com', 'ad48b006577c06df4f57d819a5b1cc4b', '', 'patient', 0, 1, '2023-07-11 03:38:34', ''),
(3304, 'joseph', 'pogi', 'Male', '1997-01-21', ' ', '09667054871', 'josephsabaybay@gmail.com', 'e6ce022cfb743c66afc48244e311facf', '', 'patient', 0, 1, '2023-07-11 07:28:01', ''),
(3305, 'Jeffrey', 'Delgado', 'Male', '1991-07-07', '26 Paradahan I, Tanza, Cavite', '09171741232', 'jeffrey.delgado@cvsu.edu.ph', '24767025475bed9c7234eb68a4912de2', '', 'patient', 0, 1, '2023-07-11 08:33:30', ''),
(3306, 'test4', 'test4', 'Male', '2000-07-11', 'esfsd', '', 'test4@gmail.com', '86985e105f79b95d6bc918fb45ec7727', '', 'patient', 0, 0, '2023-07-11 12:22:43', ''),
(3307, 'test5', 'test5', 'Female', '1999-07-10', 'sds', '', 'test5@gmail.com', 'e3d704f3542b44a621ebed70dc0efe13', '', 'patient', 0, 0, '2023-07-11 12:27:36', ''),
(3308, 'Alliah', 'Pinili', 'Female', '2001-10-25', 'Heartfoundation 1', '', 'alliahpinili@gmail.com', '163fa35b37e4729676d94b96d2077a6b', '', 'patient', 0, 0, '2023-07-11 12:33:33', ''),
(3309, 'Kevin', 'Dela Cruz', 'Male', '2007-03-14', 'tres cruses', '09494928485', 'kevindelacruz@gmail.com', '3693e20505477ddb60f82b07fcf65431', '', 'patient', 0, 1, '2023-07-11 13:34:24', ''),
(3310, 'Allen', 'Dheyl', 'Male', '2009-03-02', 'amaya', '09430395824', 'allen@gmail.com', 'a34c3d45b6018d3fd5560b103c2a00e2', '', 'patient', 0, 1, '2023-07-11 13:36:41', ''),
(3311, 'Jake', 'Zapu', 'Male', '1990-04-23', 'Biga', '0943095838', 'Jake@gmail.com', '1200cf8ad328a60559cf5e7c5f46ee6d', '', 'patient', 0, 1, '2023-07-11 13:39:54', ''),
(3312, 'Elsa', 'Espenilla', 'Male', '1991-02-01', 'Santol', '09934894354', 'elsa@gmail.com', '783833680e6da5cf6cd7481a44d8fa4c', '', 'patient', 0, 1, '2023-07-11 13:43:40', ''),
(3313, 'Clarkson', 'Samson', 'Male', '2000-05-04', 'Biga', '094322577465', 'clarkson@gmail.com', '8a58f11a0d66844c4724dc03ffdcdaa5', '', 'patient', 0, 1, '2023-07-11 13:47:00', ''),
(3314, 'Aldrei', 'Laoang', 'Male', '2004-02-23', 'Punta', '093458573728', 'aldrei@gmail.com', '808a5e6f4a4ba4a967187b0ff9d6a365', '', 'patient', 0, 1, '2023-07-11 13:49:30', ''),
(3315, 'Ajay', 'Tolentino', 'Male', '2023-08-01', 'Bagtas', '0958373727', 'ajay@gmail.com', '29e457082db729fa1059d4294ede3909', '', 'patient', 0, 1, '2023-07-11 13:50:37', ''),
(3316, 'Gerald', 'Caubalejo', 'Male', '1999-03-23', 'Paradahan', '0957684734858', 'gerald@gmail.com', '380891959a0754c24a7ad3525c2d1e77', '', 'patient', 0, 1, '2023-07-11 13:52:57', ''),
(3317, 'Ryan ', 'Soria', 'Male', '1998-05-23', 'Bagtas', '0954747438', 'Ryan@gmail.com', '10c7ccc7a4f0aff03c915c485565b9da', '', 'patient', 0, 1, '2023-07-11 14:01:44', ''),
(3318, 'Anthony', 'Patima', 'Male', '1995-04-03', 'Punta', '093039492030', 'anthony@gmail.com', '65fbef05e01fac390cb3fa073fb3e8cf', '', 'patient', 0, 1, '2023-07-11 14:04:26', ''),
(3319, 'Jebuha', 'Conception', 'Female', '1990-08-11', 'Amaya', '09878987665', 'jebuha@gmail.com', '42d2d6e16e7112923560274fd694e20e', '', 'patient', 0, 1, '2023-07-11 14:08:27', ''),
(3320, 'Erni', 'Montemayor', 'Male', '1985-07-03', 'Bagtas', '09485726465', 'erni@gmail.com', '6e59bb96b06c40e477ba58d02cbe2b84', '', 'patient', 0, 1, '2023-07-11 14:10:24', ''),
(3321, 'Joselito', 'Sayaryo', 'Male', '1980-02-03', 'Bagtas', '09475867474', 'joselito@gmail.com', '9e74458084358e639d43012b122af253', '', 'patient', 0, 1, '2023-07-11 14:12:00', ''),
(3322, 'Keneth ', 'Cole', 'Male', '2023-09-09', 'etivac', '09975718353', 'kenethcruz99@gmail.com', 'aac33e8cd976751685a3d0716801cf7f', '', 'patient', 0, 1, '2023-07-12 01:32:23', ''),
(3323, 'Arnold', 'Macapanlak', 'Male', '2000-10-12', 'Punta', '09231957321', 'Arnold@gmail.com', '202cb962ac59075b964b07152d234b70', '', 'patient', 0, 1, '2023-07-12 02:12:49', ''),
(3324, 'Dhalia', 'Santos', 'Female', '1999-06-14', 'Punta', '09378231621', 'Dhalia@gmail.com', '202cb962ac59075b964b07152d234b70', '', 'patient', 0, 1, '2023-07-12 02:15:18', ''),
(3325, 'John', 'Maniego', 'Male', '2001-05-29', 'Rosario', '09173284291', 'John@gmail.com', '202cb962ac59075b964b07152d234b70', '', 'patient', 0, 1, '2023-07-12 02:16:59', ''),
(3326, 'Jonel', 'Pagpaguitan', 'Male', '1998-01-12', 'Punta', '09183216743', 'Jonel@gmail.com', '202cb962ac59075b964b07152d234b70', '', 'patient', 0, 1, '2023-07-12 02:18:47', ''),
(3327, 'Janelle', 'Uy', 'Female', '2000-11-15', 'Bagtas', '09154284212', 'Janelle@gmail.com', '202cb962ac59075b964b07152d234b70', '', 'patient', 0, 1, '2023-07-12 02:20:28', ''),
(3328, 'Kenneth', 'Jay', 'Male', '2000-08-15', 'Bagtas', '09173258123', 'Kenneth@gmail.com', '202cb962ac59075b964b07152d234b70', '', 'patient', 0, 1, '2023-07-12 02:22:09', ''),
(3329, 'Kylie', 'Apostle', 'Female', '2000-05-12', 'Bagtas', '09150238512', 'Kylie@gmail.com', '202cb962ac59075b964b07152d234b70', '', 'patient', 0, 1, '2023-07-12 02:23:28', ''),
(3330, 'Alexander', 'Uy', 'Male', '2005-02-28', 'Bagtas', '09381269236', 'Alexander@gmail.com', '202cb962ac59075b964b07152d234b70', '', 'patient', 0, 1, '2023-07-12 02:24:45', ''),
(3331, 'Cedrick', 'James', 'Male', '2000-12-05', 'Trece', '09381267321', 'Cedrick@gmail.com', '202cb962ac59075b964b07152d234b70', '', 'patient', 0, 1, '2023-07-12 02:26:22', ''),
(3332, 'Patrick', 'Pagaduan', 'Male', '2001-01-31', 'Paradahan 1', '09183819231', 'Patrick@gmail.com', '202cb962ac59075b964b07152d234b70', '', 'patient', 0, 1, '2023-07-12 02:27:59', ''),
(3333, 'Michael', 'Biagon', 'Male', '2000-04-20', 'Paradahan 1', '09381278123', 'Michael@gmail.com', '202cb962ac59075b964b07152d234b70', '', 'patient', 0, 1, '2023-07-12 02:29:22', ''),
(3334, 'Angelo ', 'Amba', 'Male', '2001-04-16', 'Punta 1', '09381205321', 'Angelo@gmail.com', '202cb962ac59075b964b07152d234b70', '', 'patient', 0, 1, '2023-07-12 02:32:31', ''),
(3335, 'Art', 'Arda', 'Male', '2000-09-13', 'Punta 1', '09163152311', 'Art@gmail.com', '202cb962ac59075b964b07152d234b70', '', 'patient', 0, 1, '2023-07-12 02:34:02', ''),
(3336, 'Makarios', 'Cacpaas', 'Male', '2004-05-18', 'Kaliste phase 7', '093532713821', 'Makarios@gmail.com', '202cb962ac59075b964b07152d234b70', '', 'patient', 0, 1, '2023-07-12 02:35:39', ''),
(3337, 'Paul', 'Cacpas', 'Male', '2000-07-17', 'Kaliste Punta', '09381269312', 'Paul@gmail.com', '202cb962ac59075b964b07152d234b70', '', 'patient', 0, 1, '2023-07-12 02:36:58', ''),
(3338, 'Luisito ', 'Cacpaas', 'Male', '1981-09-15', 'Kaliste Punta', '09383123721', 'Luisito@gmail.com', '202cb962ac59075b964b07152d234b70', '', 'patient', 0, 1, '2023-07-12 02:38:23', ''),
(3339, 'Joan', 'Villaflor', 'Female', '2004-06-07', 'Bagtas', '09381249231', 'Joan@gmail.com', '202cb962ac59075b964b07152d234b70', '', 'patient', 0, 1, '2023-07-12 02:41:33', ''),
(3340, 'Armando', 'Balagtas', 'Male', '1980-06-02', 'Punta', '09158098127', 'Armando@gmail.com', '202cb962ac59075b964b07152d234b70', '', 'patient', 0, 1, '2023-07-12 02:45:17', ''),
(3341, 'Reynold', 'Soria', 'Male', '1974-10-08', 'Punta', '09381239032', 'Reynold@gmail.com', '202cb962ac59075b964b07152d234b70', '', 'patient', 0, 1, '2023-07-12 02:53:10', ''),
(3342, 'Devine', 'De guzman', 'Female', '1989-07-18', 'Punta', '09381239321', 'Devine@gmail.com', '202cb962ac59075b964b07152d234b70', '', 'patient', 0, 1, '2023-07-12 02:55:15', ''),
(3343, 'Deminick', 'Pascual', 'Male', '1996-02-03', 'Biga', '09324564434', 'deminick@gmail.com', '5118a325c4c533b406ae9745b42dbaba', '', 'patient', 0, 1, '2023-07-12 05:30:39', ''),
(3344, 'Jude', 'Mayor', 'Male', '2003-12-03', 'Punta', '09475736375', 'jude@gmail.com', 'b612c055b0f2daec0c4c4e9d841f7bfd', '', 'patient', 0, 1, '2023-07-12 05:32:25', ''),
(3345, 'Amber', 'Montella', 'Male', '2001-08-02', 'Biga', '09473827473', 'amber@gmail.com', '59548977279905234b7ed3b1710837f2', '', 'patient', 0, 1, '2023-07-12 05:33:53', ''),
(3346, 'Jayloid', 'Decaso', 'Male', '2002-12-12', 'Mulawin', '09685737575', 'jayloid@gmail.com', 'b977675681a6f9167b87ba362705f443', '', 'patient', 0, 1, '2023-07-12 05:36:03', ''),
(3347, 'Julius', 'Villa', 'Male', '2001-07-12', 'Mulawin', '09375746354', 'julius@gmail.com', '30e6d8432ce54710f9c09f305e7b9829', '', 'patient', 0, 1, '2023-07-12 05:37:40', ''),
(3348, 'Essial', 'Mayor', 'Female', '2002-12-02', 'Sanja Mayor', '094566767', 'essial@gmail.com', '1e29a02b06fbe3d9f2d784995c7f4302', '', 'patient', 0, 1, '2023-07-12 05:39:06', ''),
(3349, 'Robert', 'Sebas', 'Male', '2000-06-29', 'Bagtas', '09576857385', 'robert@gmail.com', '684c851af59965b680086b7b4896ff98', '', 'patient', 0, 1, '2023-07-12 05:40:33', ''),
(3350, 'Blk 20 Lot 23 Phase 4 PBK Brgy Pasong Kawayan II', 'Bordeos', 'Male', '2023-07-08', 'Blk 20 Lot 23 Phase 4 PBK Brgy Pasong Kawayan II', '9357396286', 'kevinjayroluna@gmail.com', '9f08e0e14eb93c9cd05fdcae991d5f35', '', 'patient', 0, 1, '2023-07-18 18:28:12', '1I6kk'),
(3351, 'test6', 'test', 'Female', '2000-07-02', 'hwhwh', '', 'test6@gmail.com', '4cfad7076129962ee70c36839a1e3e15', '', 'patient', 0, 0, '2023-07-19 07:06:05', ''),
(3352, 'Ady', 'Rory', 'Female', '2001-01-09', 'Punta Tanza Cavite', '09089887678', 'ady@gmail.com', '28edf19349fd87cc7dcae4b697d34a1d', '', 'patient', 0, 0, '2023-07-24 08:58:41', ''),
(3353, 'Sheryl', 'Hintay', 'Female', '1988-01-15', 'Silang Cavite', '09095816755', 'sheryl.hintay@gmail.com', '28edf19349fd87cc7dcae4b697d34a1d', '', 'patient', 0, 0, '2023-07-24 09:00:05', ''),
(3354, 'kevs', 'vids', 'Male', '2008-05-13', 'Bagats', '09381269237', 'vids@gmail.com', '202cb962ac59075b964b07152d234b70', '', 'patient', 0, 0, '2023-07-24 09:05:09', ''),
(3355, 'Laiya', 'Roxas', 'Female', '2001-01-09', 'Tanza Cavite', '09069119230', 'laiyakyut@gmail.com', '28edf19349fd87cc7dcae4b697d34a1d', '', 'patient', 0, 1, '2023-07-24 09:07:33', 'Y5xhv'),
(3356, 'kevs', 'vids', 'Male', '2005-06-29', 'Bagtas', '09381269237', 'nh722975@gmail.com', '202cb962ac59075b964b07152d234b70', '', 'patient', 0, 1, '2023-07-24 09:07:36', ''),
(3357, 'asdasd', 'asdasd', 'Male', '2017-05-16', 'asdasd', '2312312', 'panget@gmail.com', '202cb962ac59075b964b07152d234b70', '', 'patient', 0, 0, '2023-07-24 09:18:58', ''),
(3358, 'JOYCE', 'SENARIS', 'Female', '1988-05-02', 'Noveleta', '+639053318722', 'joycesenaris@cvsu.edu.ph', '81dc9bdb52d04dc20036dbd8313ed055', '', 'patient', 0, 1, '2023-07-24 09:26:05', ''),
(3359, 'Laiya', 'Roxas', 'Female', '2024-02-04', 'Punta 1 ', '0909911192300', 'bean.hwang@yahoo.com', '5caa0b73c7e84ab3aabd215bc47edbec', '', 'patient', 0, 0, '2023-07-28 10:11:54', ''),
(3360, 'sample', 'samplesurname', 'Male', '2024-05-07', 'Paradahan', '09473827593', 'jpdetorres23@gmail.com', 'ac46374a846d97e22f917b6863f690ad', '', 'patient', 0, 1, '2023-07-28 10:15:23', ''),
(3361, 'Mark', 'Santos', 'Male', '2000-05-10', 'Amaya', '09381394091 ', 'mark.santos@cvsu.edu.ph', '8b295bd24b99420797a61cca91d70ba2', '', 'patient', 0, 1, '2023-08-01 16:38:32', ''),
(3362, 'jm', 'prds', 'Male', '2023-08-10', 'fawfawfaw', '09198049735', 'akumahunter31@gmail.com', '365d38c60c4e98ca5ca6dbc02d396e53', '', 'patient', 0, 1, '2023-08-01 17:02:47', ''),
(3363, 'toto', 'enan', 'Female', '2023-08-02', 'sjjsjssjs', '09123456789', 'ssjsjsj@gmail.com', 'e10adc3949ba59abbe56e057f20f883e', '', 'patient', 0, 0, '2023-08-02 09:37:46', ''),
(3364, 'lebron', 'james', 'Male', '1997-08-02', 'lebron@gmail.com', '09123456789', 'lebron@gmail.com', '81dc9bdb52d04dc20036dbd8313ed055', '', 'patient', 0, 0, '2023-08-02 09:38:38', ''),
(3365, 'Lebron', 'Wade', 'Male', '2005-08-02', 'lwoqkqwk', '09123456789', 'julioqweqwe@gmail.com', '81dc9bdb52d04dc20036dbd8313ed055', '', 'patient', 0, 1, '2023-08-02 09:40:04', ''),
(3366, 'G ', 'SOWS', 'Male', '2023-07-13', 'Blk. 4c lot 06 camella lessandra molino l bacoor cavite', '', 'gchristian0399@gmail.com', '21232f297a57a5a743894a0e4a801fc3', '', 'patient', 0, 0, '2023-08-02 09:40:45', '');

--
-- Indexes for dumped tables
--

--
-- Indexes for table `tbl_about`
--
ALTER TABLE `tbl_about`
  ADD PRIMARY KEY (`about_id`);

--
-- Indexes for table `tbl_appointments`
--
ALTER TABLE `tbl_appointments`
  ADD PRIMARY KEY (`id`);

--
-- Indexes for table `tbl_doctors`
--
ALTER TABLE `tbl_doctors`
  ADD PRIMARY KEY (`doctor_id`);

--
-- Indexes for table `tbl_event`
--
ALTER TABLE `tbl_event`
  ADD PRIMARY KEY (`id`);

--
-- Indexes for table `tbl_events`
--
ALTER TABLE `tbl_events`
  ADD PRIMARY KEY (`id`);

--
-- Indexes for table `tbl_history`
--
ALTER TABLE `tbl_history`
  ADD PRIMARY KEY (`id`);

--
-- Indexes for table `tbl_information`
--
ALTER TABLE `tbl_information`
  ADD PRIMARY KEY (`id`);

--
-- Indexes for table `tbl_installment`
--
ALTER TABLE `tbl_installment`
  ADD PRIMARY KEY (`installmen_id`);

--
-- Indexes for table `tbl_offer`
--
ALTER TABLE `tbl_offer`
  ADD PRIMARY KEY (`id`);

--
-- Indexes for table `tbl_payment`
--
ALTER TABLE `tbl_payment`
  ADD PRIMARY KEY (`id`);

--
-- Indexes for table `tbl_promo`
--
ALTER TABLE `tbl_promo`
  ADD PRIMARY KEY (`promo_id`);

--
-- Indexes for table `tbl_signup`
--
ALTER TABLE `tbl_signup`
  ADD PRIMARY KEY (`id`),
  ADD UNIQUE KEY `email` (`email`);

--
-- AUTO_INCREMENT for dumped tables
--

--
-- AUTO_INCREMENT for table `tbl_about`
--
ALTER TABLE `tbl_about`
  MODIFY `about_id` int(12) NOT NULL AUTO_INCREMENT, AUTO_INCREMENT=7;

--
-- AUTO_INCREMENT for table `tbl_appointments`
--
ALTER TABLE `tbl_appointments`
  MODIFY `id` int(11) NOT NULL AUTO_INCREMENT, AUTO_INCREMENT=261;

--
-- AUTO_INCREMENT for table `tbl_doctors`
--
ALTER TABLE `tbl_doctors`
  MODIFY `doctor_id` int(12) NOT NULL AUTO_INCREMENT, AUTO_INCREMENT=17;

--
-- AUTO_INCREMENT for table `tbl_event`
--
ALTER TABLE `tbl_event`
  MODIFY `id` int(11) NOT NULL AUTO_INCREMENT, AUTO_INCREMENT=4;

--
-- AUTO_INCREMENT for table `tbl_events`
--
ALTER TABLE `tbl_events`
  MODIFY `id` int(11) NOT NULL AUTO_INCREMENT;

--
-- AUTO_INCREMENT for table `tbl_history`
--
ALTER TABLE `tbl_history`
  MODIFY `id` int(11) NOT NULL AUTO_INCREMENT, AUTO_INCREMENT=5;

--
-- AUTO_INCREMENT for table `tbl_information`
--
ALTER TABLE `tbl_information`
  MODIFY `id` int(11) NOT NULL AUTO_INCREMENT, AUTO_INCREMENT=10;

--
-- AUTO_INCREMENT for table `tbl_installment`
--
ALTER TABLE `tbl_installment`
  MODIFY `installmen_id` int(12) NOT NULL AUTO_INCREMENT, AUTO_INCREMENT=10;

--
-- AUTO_INCREMENT for table `tbl_offer`
--
ALTER TABLE `tbl_offer`
  MODIFY `id` int(11) NOT NULL AUTO_INCREMENT, AUTO_INCREMENT=15;

--
-- AUTO_INCREMENT for table `tbl_payment`
--
ALTER TABLE `tbl_payment`
  MODIFY `id` int(11) NOT NULL AUTO_INCREMENT, AUTO_INCREMENT=53;

--
-- AUTO_INCREMENT for table `tbl_promo`
--
ALTER TABLE `tbl_promo`
  MODIFY `promo_id` int(12) NOT NULL AUTO_INCREMENT, AUTO_INCREMENT=11;

--
-- AUTO_INCREMENT for table `tbl_signup`
--
ALTER TABLE `tbl_signup`
  MODIFY `id` int(11) NOT NULL AUTO_INCREMENT, AUTO_INCREMENT=3367;
COMMIT;

/*!40101 SET CHARACTER_SET_CLIENT=@OLD_CHARACTER_SET_CLIENT */;
/*!40101 SET CHARACTER_SET_RESULTS=@OLD_CHARACTER_SET_RESULTS */;
/*!40101 SET COLLATION_CONNECTION=@OLD_COLLATION_CONNECTION */;
